category,file,duration_sec,n_onsets,onsets_per_sec
normal_song,/Users/mukeshguntumadugu/LLM_rock/llm_beatmap_generator/test_dir/Song/Love to Rise in the Summer Morning.ogg,147.7,611,4.1367
ddr_beatmap,/Users/mukeshguntumadugu/LLM_rock/llm_beatmap_generator/src/musicForBeatmap/remi/âƒÇÃÉtÉ@ÉìÉ^ÉWÉA/âƒÇÃÉtÉ@ÉìÉ^ÉWÉA.mp3,113.06,437,3.8653
ddr_beatmap,/Users/mukeshguntumadugu/LLM_rock/llm_beatmap_generator/src/musicForBeatmap/remi/ÇÌÇΩÇµÇÃÇ≥ÇµÇ∑ÇπÇª/ÇÌÇΩÇµÇÃÇ≥ÇµÇ∑ÇπÇª.mp3,97.3,220,2.2611
ddr_beatmap,/Users/mukeshguntumadugu/LLM_rock/llm_beatmap_generator/src/musicForBeatmap/remi/Piece of Time Ex/Piece of Time.mp3,133.38,425,3.1864
ddr_beatmap,/Users/mukeshguntumadugu/LLM_rock/llm_beatmap_generator/src/musicForBeatmap/remi/ÉÅÉ`ÉÉóˆÇÁÇÒÇ‹ÇÒÅô/ÉÅÉ`ÉÉóˆÇÁÇÒÇ‹ÇÒÅô.mp3,102.74,311,3.0271
ddr_beatmap,/Users/mukeshguntumadugu/LLM_rock/llm_beatmap_generator/src/musicForBeatmap/remi/Girls spirit/Girls spirit.mp3,89.12,77,0.864
ddr_beatmap,/Users/mukeshguntumadugu/LLM_rock/llm_beatmap_generator/src/musicForBeatmap/remi/Love Hell Rocket/Love Hell Rocket.mp3,86.67,343,3.9573
ddr_beatmap,/Users/mukeshguntumadugu/LLM_rock/llm_beatmap_generator/src/musicForBeatmap/remi/Ge-Ko-Ku-Jo/Ge-Ko-Ku-Jo.mp3,123.13,479,3.8902
ddr_beatmap,/Users/mukeshguntumadugu/LLM_rock/llm_beatmap_generator/src/musicForBeatmap/remi/Precious Line/Precious Line.mp3,111.49,443,3.9734
ddr_beatmap,/Users/mukeshguntumadugu/LLM_rock/llm_beatmap_generator/src/musicForBeatmap/remi/DENGEKI Tube/DENGEKI Tube.mp3,114.73,499,4.3493
ddr_beatmap,/Users/mukeshguntumadugu/LLM_rock/llm_beatmap_generator/src/musicForBeatmap/remi/Ç‹Ç¡ÇµÇÆÇÁÅI Ex/Ç‹Ç¡ÇµÇÆÇÁÅI.mp3,115.54,390,3.3755
ddr_beatmap,/Users/mukeshguntumadugu/LLM_rock/llm_beatmap_generator/src/musicForBeatmap/remi/my sweet heart Ex/my sweet heart.mp3,87.35,258,2.9535
ddr_beatmap,/Users/mukeshguntumadugu/LLM_rock/llm_beatmap_generator/src/musicForBeatmap/remi/èÓîMÇÃÉîÉHÉuÉã/èÓîMÇÃÉîÉHÉuÉã.mp3,119.3,415,3.4786
ddr_beatmap,/Users/mukeshguntumadugu/LLM_rock/llm_beatmap_generator/src/musicForBeatmap/remi/Change&Chance!/Change&Chance!.mp3,92.34,189,2.0467
ddr_beatmap,/Users/mukeshguntumadugu/LLM_rock/llm_beatmap_generator/src/musicForBeatmap/remi/Feel The Beat/Feel The Beat.mp3,122.53,231,1.8853
ddr_beatmap,/Users/mukeshguntumadugu/LLM_rock/llm_beatmap_generator/src/musicForBeatmap/remi/Bright Pain/Bright Pain.mp3,150.2,639,4.2542
ddr_beatmap,/Users/mukeshguntumadugu/LLM_rock/llm_beatmap_generator/src/musicForBeatmap/remi/ÇƒÇ°ÇÈÇœÇ…DISCO/DISCO.mp3,84.06,381,4.5324
ddr_beatmap,/Users/mukeshguntumadugu/LLM_rock/llm_beatmap_generator/src/musicForBeatmap/remi/Venom/Venom.mp3,132.15,285,2.1566
ddr_beatmap,/Users/mukeshguntumadugu/LLM_rock/llm_beatmap_generator/src/musicForBeatmap/remi/Daydream cafe/Daydream cafe.mp3,90.04,275,3.0541
ddr_beatmap,/Users/mukeshguntumadugu/LLM_rock/llm_beatmap_generator/src/musicForBeatmap/remi/êÊìVê´ÉGÉSÉTàÀë∂è«åÛåQ/senten.mp3,94.08,277,2.9443
ddr_beatmap,/Users/mukeshguntumadugu/LLM_rock/llm_beatmap_generator/src/musicForBeatmap/remi/Kaleidoscope/Kaleidoscope.mp3,123.6,309,2.5
ddr_beatmap,/Users/mukeshguntumadugu/LLM_rock/llm_beatmap_generator/src/musicForBeatmap/remi/ÉAÉåÉZÉCÉA/ÉAÉåÉZÉCÉA.mp3,115.49,482,4.1736
ddr_beatmap,/Users/mukeshguntumadugu/LLM_rock/llm_beatmap_generator/src/musicForBeatmap/remi/è≠èóÇÃãÛîíÉvÉäÉYÉì/è≠èóÇÃãÛîíÉvÉäÉYÉì.mp3,102.97,389,3.7776
ddr_beatmap,/Users/mukeshguntumadugu/LLM_rock/llm_beatmap_generator/src/musicForBeatmap/remi/quantum faith/quantum faith.mp3,119.68,123,1.0277
ddr_beatmap,/Users/mukeshguntumadugu/LLM_rock/llm_beatmap_generator/src/musicForBeatmap/remi/Verflucht/Verflucht.mp3,115.64,93,0.8042
ddr_beatmap,/Users/mukeshguntumadugu/LLM_rock/llm_beatmap_generator/src/musicForBeatmap/remi/iÇâÇ´Ç»Ç≥Ç¢ Ex/iÇâÇ´Ç»Ç≥Ç¢.mp3,99.58,407,4.0873
ddr_beatmap,/Users/mukeshguntumadugu/LLM_rock/llm_beatmap_generator/src/musicForBeatmap/remi/ÉXÉ^Å[É`ÉX/ÉXÉ^Å[É`ÉX.mp3,140.09,387,2.7624
ddr_beatmap,/Users/mukeshguntumadugu/LLM_rock/llm_beatmap_generator/src/musicForBeatmap/remi/Dreamin/Dreamin.mp3,110.85,327,2.9499
ddr_beatmap,/Users/mukeshguntumadugu/LLM_rock/llm_beatmap_generator/src/musicForBeatmap/remi/É^ÉCÉàÉEÉpÉâÉ_ÉCÉX/É^ÉCÉàÉEÉpÉâÉ_ÉCÉX.mp3,138.91,352,2.534
ddr_beatmap,/Users/mukeshguntumadugu/LLM_rock/llm_beatmap_generator/src/musicForBeatmap/remi/tamutamu/tamutamu.mp3,89.14,188,2.1089
ddr_beatmap,/Users/mukeshguntumadugu/LLM_rock/llm_beatmap_generator/src/musicForBeatmap/remi/Toward the future/Toward the future.mp3,114.9,332,2.8895
ddr_beatmap,/Users/mukeshguntumadugu/LLM_rock/llm_beatmap_generator/src/musicForBeatmap/remi/ÉvÉäÉYÉ}ÉeÉBÉbÉNÉvÉäÉìÉZÉXÅôÉÜÉjÉ]ÉìÉXÉ^Å[ÉY/prism.mp3,101.67,423,4.1606
ddr_beatmap,/Users/mukeshguntumadugu/LLM_rock/llm_beatmap_generator/src/musicForBeatmap/remi/élÇ¬ótÇÃÉNÉçÅ[ÉoÅ[/élÇ¬ótÇÃÉNÉçÅ[ÉoÅ[.mp3,115.04,177,1.5386
ddr_beatmap,/Users/mukeshguntumadugu/LLM_rock/llm_beatmap_generator/src/musicForBeatmap/remi/ÇÕÇ»É}ÉãÉbÅI/hanademo_01.mp3,87.04,361,4.1475
ddr_beatmap,/Users/mukeshguntumadugu/LLM_rock/llm_beatmap_generator/src/musicForBeatmap/remi/GIB Ex/Wonderful.mp3,98.85,312,3.1564
ddr_beatmap,/Users/mukeshguntumadugu/LLM_rock/llm_beatmap_generator/src/musicForBeatmap/remi/good-bye crisis/good-bye crisis.mp3,117.11,146,1.2467
ddr_beatmap,/Users/mukeshguntumadugu/LLM_rock/llm_beatmap_generator/src/musicForBeatmap/remi/ÇµÇ„Ç´ÇµÇ„Ç´ÇøÇ„Å`Ç¢ÇŸÇ§ÅI/ÇµÇ„Ç´ÇµÇ„Ç´ÇøÇ„Å`Ç¢ÇŸÇ§ÅI.mp3,71.42,338,4.7326
ddr_beatmap,/Users/mukeshguntumadugu/LLM_rock/llm_beatmap_generator/src/musicForBeatmap/remi/mottoÅôîhéËÇ…ÇÀ!/mottoÅôîhéËÇ…ÇÀ!.mp3,89.94,328,3.6469
ddr_beatmap,/Users/mukeshguntumadugu/LLM_rock/llm_beatmap_generator/src/musicForBeatmap/remi/goldbh/goldbh.mp3,84.47,320,3.7884
ddr_beatmap,/Users/mukeshguntumadugu/LLM_rock/llm_beatmap_generator/src/musicForBeatmap/remi/ironnnakatati/ironnnakatati.mp3,134.37,588,4.3759
ddr_beatmap,/Users/mukeshguntumadugu/LLM_rock/llm_beatmap_generator/src/musicForBeatmap/remi/Love for PAPA/Love for PAPA.mp3,89.09,234,2.6266
ddr_beatmap,/Users/mukeshguntumadugu/LLM_rock/llm_beatmap_generator/src/musicForBeatmap/remi/Amazing sky/Amazing sky.mp3,116.51,416,3.5706
ddr_beatmap,/Users/mukeshguntumadugu/LLM_rock/llm_beatmap_generator/src/musicForBeatmap/remi/Sweet Love/Sweet Love.mp3,92.63,398,4.2967
ddr_beatmap,/Users/mukeshguntumadugu/LLM_rock/llm_beatmap_generator/src/musicForBeatmap/remi/O.SHI.E.TE.ÉgÉDÉãÅ[ÅôÇÕÇüÇ∆/O.SHI.E.TE.ÉgÉDÉãÅ[ÅôÇÕÇüÇ∆.mp3,128.38,218,1.6981
ddr_beatmap,/Users/mukeshguntumadugu/LLM_rock/llm_beatmap_generator/src/musicForBeatmap/remi/tasogaredokino reirainn/tasogaredokino reirainn.mp3,107.86,506,4.6913
ddr_beatmap,/Users/mukeshguntumadugu/LLM_rock/llm_beatmap_generator/src/musicForBeatmap/remi/detonator/detonator.mp3,93.91,360,3.8334
ddr_beatmap,/Users/mukeshguntumadugu/LLM_rock/llm_beatmap_generator/src/musicForBeatmap/remi/girlS/girlS.mp3,118.83,423,3.5597
ddr_beatmap,/Users/mukeshguntumadugu/LLM_rock/llm_beatmap_generator/src/musicForBeatmap/remi/Girl meets Love Ex/Girl meets Love Ex.mp3,101.2,319,3.1522
ddr_beatmap,/Users/mukeshguntumadugu/LLM_rock/llm_beatmap_generator/src/musicForBeatmap/remi/toiÅÙtoiÅÙtoiÅÙ/toitoitoi.mp3,94.67,205,2.1655
ddr_beatmap,/Users/mukeshguntumadugu/LLM_rock/llm_beatmap_generator/src/musicForBeatmap/remi/ñÈä‘çs/ÉfÉXÉåÉQÉG ÅuñÈä‘çsÅv.mp3,107.11,296,2.7634
ddr_beatmap,/Users/mukeshguntumadugu/LLM_rock/llm_beatmap_generator/src/musicForBeatmap/remi/Ç±ÇßÇÃÇµÇóÇ»ÇóÇ‚ÇóÇ©ÇóÇ»ÇóÇ⁄Ç≈Ç°ÇóÇóÇó/sinayaka.mp3,11.68,56,4.7959
ddr_beatmap,/Users/mukeshguntumadugu/LLM_rock/llm_beatmap_generator/src/musicForBeatmap/remi/ètÇÃóz/ètÇÃóz.ogg,93.31,356,3.8153
ddr_beatmap,/Users/mukeshguntumadugu/LLM_rock/llm_beatmap_generator/src/musicForBeatmap/remi/FairlyLife/FairlyLife.mp3,78.71,127,1.6136
ddr_beatmap,/Users/mukeshguntumadugu/LLM_rock/llm_beatmap_generator/src/musicForBeatmap/remi/Face of Fact/Face of Fact.mp3,151.03,586,3.8801
ddr_beatmap,/Users/mukeshguntumadugu/LLM_rock/llm_beatmap_generator/src/musicForBeatmap/remi/Ç†ÅEÇÈÅEÇ“ÅEÇ∂ÅÙ/arupizi.mp3,116.65,392,3.3605
ddr_beatmap,/Users/mukeshguntumadugu/LLM_rock/llm_beatmap_generator/src/musicForBeatmap/remi/ÉxÉCÉrÅ[ÉÅÉCÉrÅ[/ÉxÉCÉrÅ[ÉÅÉCÉrÅ[.mp3,120.74,499,4.1329
ddr_beatmap,/Users/mukeshguntumadugu/LLM_rock/llm_beatmap_generator/src/musicForBeatmap/remi/óˆêFÇÃâ‘çÁÇ≠ç†/hpt.mp3,111.41,365,3.2761
ddr_beatmap,/Users/mukeshguntumadugu/LLM_rock/llm_beatmap_generator/src/musicForBeatmap/remi/yu-topia/yu-topia.mp3,96.18,371,3.8572
ddr_beatmap,/Users/mukeshguntumadugu/LLM_rock/llm_beatmap_generator/src/musicForBeatmap/remi/èÉê^Ç»â‘Ç§ÇÁÇ»Ç¢/ÇªÇÃâ‘Ç—ÇÁÇ…Ç≠ÇøÇ√ÇØÇOPÅuèÉê^Ç»â‘Ç§ÇÁÇ»Ç¢Åv.mp3,93.78,318,3.3909
ddr_beatmap,/Users/mukeshguntumadugu/LLM_rock/llm_beatmap_generator/src/musicForBeatmap/remi/Love flower/Love flower.mp3,75.25,187,2.4852
ddr_beatmap,/Users/mukeshguntumadugu/LLM_rock/llm_beatmap_generator/src/musicForBeatmap/remi/óˆÇµÇƒãRém/óˆÇµÇƒãRém.mp3,100.08,287,2.8678
ddr_beatmap,/Users/mukeshguntumadugu/LLM_rock/llm_beatmap_generator/src/musicForBeatmap/remi/hitsugi/hitsugi.mp3,145.19,278,1.9148
ddr_beatmap,/Users/mukeshguntumadugu/LLM_rock/llm_beatmap_generator/src/musicForBeatmap/remi/LOVEÅôHARLEMÅôGAME/LoveHarlemGame.mp3,113.03,332,2.9372
ddr_beatmap,/Users/mukeshguntumadugu/LLM_rock/llm_beatmap_generator/src/musicForBeatmap/remi/ä™éqÇÃÉpÅ[ÉtÉFÉNÉgÉGÉåÉKÉìÉgã≥é∫/ä™éqÇÃÉpÅ[ÉtÉFÉNÉgÉGÉåÉKÉìÉgã≥é∫.mp3,127.63,432,3.3847
ddr_beatmap,/Users/mukeshguntumadugu/LLM_rock/llm_beatmap_generator/src/musicForBeatmap/remi/welcomeÅôberry's/welcomeÅôberry's.mp3,98.25,245,2.4937
ddr_beatmap,/Users/mukeshguntumadugu/LLM_rock/llm_beatmap_generator/src/musicForBeatmap/remi/kyoukiA/kyoukiA.mp3,115.49,469,4.0611
ddr_beatmap,/Users/mukeshguntumadugu/LLM_rock/llm_beatmap_generator/src/musicForBeatmap/remi/Tuk Tuk Boshi/Tuk Tuk Boshi.mp3,144.84,496,3.4245
ddr_beatmap,/Users/mukeshguntumadugu/LLM_rock/llm_beatmap_generator/src/musicForBeatmap/remi/é‹îMbeach side bunny/é‹îMBeach Side Bunny.mp3,129.12,194,1.5024
ddr_beatmap,/Users/mukeshguntumadugu/LLM_rock/llm_beatmap_generator/src/musicForBeatmap/remi/Plasma Strike/Plasma Strike.mp3,141.32,929,6.5739
ddr_beatmap,/Users/mukeshguntumadugu/LLM_rock/llm_beatmap_generator/src/musicForBeatmap/remi/Ç”ÇÍÇ†ÅôÇ±ÇÒÇ’ÇÍÇ¡Ç≠Ç∑/Ç”ÇÍÇ†ÅôÇ±ÇÒÇ’ÇÍÇ¡Ç≠Ç∑.mp3,94.66,236,2.4932
ddr_beatmap,/Users/mukeshguntumadugu/LLM_rock/llm_beatmap_generator/src/musicForBeatmap/remi/colorful precious life/colorful precious life.mp3,97.44,387,3.9718
ddr_beatmap,/Users/mukeshguntumadugu/LLM_rock/llm_beatmap_generator/src/musicForBeatmap/remi/èˆîMÉÜÅ[ÉgÉsÉAEx/yu-topiaEx.mp3,242.22,1015,4.1904
ddr_beatmap,/Users/mukeshguntumadugu/LLM_rock/llm_beatmap_generator/src/musicForBeatmap/remi/Melty Air/Melty Air.mp3,119.69,497,4.1523
ddr_beatmap,/Users/mukeshguntumadugu/LLM_rock/llm_beatmap_generator/src/musicForBeatmap/remi/Russian Caravan Rhapsody/Russian Caravan Rhapsody.mp3,119.11,120,1.0075
ddr_beatmap,/Users/mukeshguntumadugu/LLM_rock/llm_beatmap_generator/src/musicForBeatmap/remi/åNÇ©ÇÁénÇ‹ÇÈäÔê’/åNÇ©ÇÁénÇ‹ÇÈäÔê’.mp3,125.06,480,3.838
ddr_beatmap,/Users/mukeshguntumadugu/LLM_rock/llm_beatmap_generator/src/musicForBeatmap/remi/ÇËÇ∆ÇÈÇ‹Ç¢Ç∑ÇƒÇ¡Ç’/ÇËÇ∆ÇÈÇ‹Ç¢Ç∑ÇƒÇ¡Ç’.mp3,94.89,200,2.1077
ddr_beatmap,/Users/mukeshguntumadugu/LLM_rock/llm_beatmap_generator/src/musicForBeatmap/remi/‡aÅXÇΩÇÈçïâåÇÕçÁÇ´/‡aÅXÇΩÇÈçïâåÇÕçÁÇ´.mp3,127.9,523,4.0893
ddr_beatmap,/Users/mukeshguntumadugu/LLM_rock/llm_beatmap_generator/src/musicForBeatmap/remi/É~ÉTÉRÇÃì˙ãL (å©ÇøÇ·É_ÉÅ!)/É~ÉTÉRÇÃì˙ãL (å©ÇøÇ·É_ÉÅ!).mp3,125.64,692,5.5079
ddr_beatmap,/Users/mukeshguntumadugu/LLM_rock/llm_beatmap_generator/src/musicForBeatmap/remi/Soul On Fire/Soul On Fire.mp3,127.13,96,0.7552
ddr_beatmap,/Users/mukeshguntumadugu/LLM_rock/llm_beatmap_generator/src/musicForBeatmap/remi/ECHO/ECHO.mp3,102.0,34,0.3333
ddr_beatmap,/Users/mukeshguntumadugu/LLM_rock/llm_beatmap_generator/src/musicForBeatmap/remi/çïîØóêÇÍÇµèCóÖÇ∆Ç»ÇËÇƒ/çïîØóêÇÍÇµèCóÖÇ∆Ç»ÇËÇƒ.mp3,123.78,186,1.5026
ddr_beatmap,/Users/mukeshguntumadugu/LLM_rock/llm_beatmap_generator/src/musicForBeatmap/remi/Lively Passion/Lively Passion.mp3,93.64,192,2.0505
ddr_beatmap,/Users/mukeshguntumadugu/LLM_rock/llm_beatmap_generator/src/musicForBeatmap/remi/Love Climax/Love Climax.mp3,139.81,171,1.2231
ddr_beatmap,/Users/mukeshguntumadugu/LLM_rock/llm_beatmap_generator/src/musicForBeatmap/remi/Ç§ÇøÇ„Ç§Ç™Ç∆ÇÁÇ‘ÇÈÅI/utyu.mp3,110.08,531,4.8238
ddr_beatmap,/Users/mukeshguntumadugu/LLM_rock/llm_beatmap_generator/src/musicForBeatmap/remi/ÉiÉcÉÅÉO/natumegu.mp3,97.49,231,2.3695
ddr_beatmap,/Users/mukeshguntumadugu/LLM_rock/llm_beatmap_generator/src/musicForBeatmap/remi/kimitotsukuru/kimitotsukuru.mp3,117.05,444,3.7933
ddr_beatmap,/Users/mukeshguntumadugu/LLM_rock/llm_beatmap_generator/src/musicForBeatmap/remi/The fine every day/The fine every day.mp3,90.25,147,1.6288
ddr_beatmap,/Users/mukeshguntumadugu/LLM_rock/llm_beatmap_generator/src/musicForBeatmap/remi/óˆÇ∑ÇÈê_í óÕ/óˆÇ∑ÇÈê_í óÕ.mp3,101.8,305,2.9961
ddr_beatmap,/Users/mukeshguntumadugu/LLM_rock/llm_beatmap_generator/src/musicForBeatmap/remi/NoNoNo/NoNoNo.mp3,104.67,406,3.8788
ddr_beatmap,/Users/mukeshguntumadugu/LLM_rock/llm_beatmap_generator/src/musicForBeatmap/remi/last stardust/last stardust.mp3,100.73,69,0.685
ddr_beatmap,/Users/mukeshguntumadugu/LLM_rock/llm_beatmap_generator/src/musicForBeatmap/remi/Love Me Love La Bride!!/Love Me Love La Bride!!.mp3,101.07,240,2.3746
ddr_beatmap,/Users/mukeshguntumadugu/LLM_rock/llm_beatmap_generator/src/musicForBeatmap/remi/Passion/Passion.mp3,105.16,256,2.4345
ddr_beatmap,/Users/mukeshguntumadugu/LLM_rock/llm_beatmap_generator/src/musicForBeatmap/remi/Ç±Ç»Ç‰Ç´Ç”ÇÈÇË/Vision.mp3,130.9,464,3.5447
ddr_beatmap,/Users/mukeshguntumadugu/LLM_rock/llm_beatmap_generator/src/musicForBeatmap/remi/Ç∑Ç´ÉbÉXSTEADYÅôÉLÉbÉX!!/Ç∑Ç´ÉbÉXSTEADYÅôÉLÉbÉX!!.mp3,127.19,540,4.2456
ddr_beatmap,/Users/mukeshguntumadugu/LLM_rock/llm_beatmap_generator/src/musicForBeatmap/remi/Ç›Ç±Ç›Ç±ÉâÉìÉuÉãÅ`Ç†Ç»ÇΩÇ∆‚SÇ∞Ç¡ÇøÇ„Å[Å`/Ç›Ç±Ç›Ç±ÉâÉìÉuÉãÅ`Ç†Ç»ÇΩÇ∆‚SÇ∞Ç¡ÇøÇ„Å[Å`.mp3,132.14,660,4.9946
ddr_beatmap,/Users/mukeshguntumadugu/LLM_rock/llm_beatmap_generator/src/musicForBeatmap/remi/HELLorHELL/HELLorHELL.mp3,128.69,184,1.4298
ddr_beatmap,/Users/mukeshguntumadugu/LLM_rock/llm_beatmap_generator/src/musicForBeatmap/remi/èHêF/akiiro.mp3,126.43,253,2.0011
ddr_beatmap,/Users/mukeshguntumadugu/LLM_rock/llm_beatmap_generator/src/musicForBeatmap/remi/More-more LOVERS!!/More-more LOVERS!!.mp3,90.28,336,3.7218
ddr_beatmap,/Users/mukeshguntumadugu/LLM_rock/llm_beatmap_generator/src/musicForBeatmap/remi/óˆÇÃï‚èKÇénÇﬂÇ‹Show/lovehosyuu.mp3,95.97,360,3.751
ddr_beatmap,/Users/mukeshguntumadugu/LLM_rock/llm_beatmap_generator/src/musicForBeatmap/remi/issyoumono/issyoumono.mp3,107.08,300,2.8018
ddr_beatmap,/Users/mukeshguntumadugu/LLM_rock/llm_beatmap_generator/src/musicForBeatmap/remi/My Little Glory/My Little Glory.mp3,120.26,477,3.9665
ddr_beatmap,/Users/mukeshguntumadugu/LLM_rock/llm_beatmap_generator/src/musicForBeatmap/remi/Acid Pumper/Acid Pumper.mp3,120.02,389,3.2411
ddr_beatmap,/Users/mukeshguntumadugu/LLM_rock/llm_beatmap_generator/src/musicForBeatmap/remi/Stars Biscuit/Stars Biscuit.mp3,146.09,631,4.3192
ddr_beatmap,/Users/mukeshguntumadugu/LLM_rock/llm_beatmap_generator/src/musicForBeatmap/remi/Princess PartyÅ`ê¬ètã÷é~óﬂÅ`/Princess Party.mp3,120.35,231,1.9195
ddr_beatmap,/Users/mukeshguntumadugu/LLM_rock/llm_beatmap_generator/src/musicForBeatmap/remi/thousand/thousand.mp3,152.53,785,5.1466
ddr_beatmap,/Users/mukeshguntumadugu/LLM_rock/llm_beatmap_generator/src/musicForBeatmap/remi/óÉÇéùÇΩÇ»Ç¢è≠èó/midori.mp3,119.43,488,4.086
ddr_beatmap,/Users/mukeshguntumadugu/LLM_rock/llm_beatmap_generator/src/musicForBeatmap/remi/Å„ëæózånÅùÉhÅ[ÉiÉcâªåvâÊÅáÅÕÅá/Å„ëæózånÅùÉhÅ[ÉiÉcâªåvâÊÅáÅÕÅá.mp3,120.15,524,4.3612
ddr_beatmap,/Users/mukeshguntumadugu/LLM_rock/llm_beatmap_generator/src/musicForBeatmap/remi/ÇøÇ¡ÇøÇ·ÇÁÇ‘/chichalove_op.mp3,121.08,434,3.5845
ddr_beatmap,/Users/mukeshguntumadugu/LLM_rock/llm_beatmap_generator/src/musicForBeatmap/remi/Link-age/Link-age.mp3,147.07,568,3.8621
ddr_beatmap,/Users/mukeshguntumadugu/LLM_rock/llm_beatmap_generator/src/musicForBeatmap/remi/ÉlÉKÉCÉ~ÉY/ÉlÉKÉCÉ~ÉY.mp3,111.05,321,2.8906
ddr_beatmap,/Users/mukeshguntumadugu/LLM_rock/llm_beatmap_generator/src/musicForBeatmap/remi/îwêÖîVêw/îwêÖîVêw.mp3,125.14,205,1.6382
ddr_beatmap,/Users/mukeshguntumadugu/LLM_rock/llm_beatmap_generator/src/musicForBeatmap/remi/Sense 2007/Sense 2007.mp3,120.69,332,2.7509
ddr_beatmap,/Users/mukeshguntumadugu/LLM_rock/llm_beatmap_generator/src/musicForBeatmap/remi/Hold on me/Hold on me.mp3,95.45,262,2.7449
ddr_beatmap,/Users/mukeshguntumadugu/LLM_rock/llm_beatmap_generator/src/musicForBeatmap/remi/êØÇÃäÌ/Star.mp3,142.37,225,1.5804
ddr_beatmap,/Users/mukeshguntumadugu/LLM_rock/llm_beatmap_generator/src/musicForBeatmap/remi/ï∂íU/buntan.mp3,95.18,450,4.728
ddr_beatmap,/Users/mukeshguntumadugu/LLM_rock/llm_beatmap_generator/src/musicForBeatmap/remi/éûâJDictionary/sigure.mp3,124.36,282,2.2677
ddr_beatmap,/Users/mukeshguntumadugu/LLM_rock/llm_beatmap_generator/src/musicForBeatmap/remi/Splash!/Splash!.mp3,90.75,185,2.0386
ddr_beatmap,/Users/mukeshguntumadugu/LLM_rock/llm_beatmap_generator/src/musicForBeatmap/remi/Mirage Lullaby/Mirage Lullaby.mp3,152.52,520,3.4095
ddr_beatmap,/Users/mukeshguntumadugu/LLM_rock/llm_beatmap_generator/src/musicForBeatmap/remi/ÉâÉrÉäÉRÅEÉsÉäÉâÉâÅEÉâÉrÉâÉ{ÉâÉgÉäÅ[/rabilabo.mp3,98.65,236,2.3922
ddr_beatmap,/Users/mukeshguntumadugu/LLM_rock/llm_beatmap_generator/src/musicForBeatmap/remi/Happy!Puppy!/Happy!Puppy!.mp3,122.67,449,3.6602
ddr_beatmap,/Users/mukeshguntumadugu/LLM_rock/llm_beatmap_generator/src/musicForBeatmap/remi/katatinaikioku/katatinaikioku.mp3,114.08,380,3.3311
ddr_beatmap,/Users/mukeshguntumadugu/LLM_rock/llm_beatmap_generator/src/musicForBeatmap/remi/Good-bye crisis feat.Gameloid/Good-bye crisis feat.Gameloid.mp3,124.88,84,0.6726
ddr_beatmap,/Users/mukeshguntumadugu/LLM_rock/llm_beatmap_generator/src/musicForBeatmap/remi/Girlish!!/Girlish!!.mp3,128.22,312,2.4333
ddr_beatmap,/Users/mukeshguntumadugu/LLM_rock/llm_beatmap_generator/src/musicForBeatmap/remi/ëΩèdã…ìWäJ/tazyuu.mp3,119.73,89,0.7433
ddr_beatmap,/Users/mukeshguntumadugu/LLM_rock/llm_beatmap_generator/src/musicForBeatmap/remi/7th WORLD'S OUT/7th WORLD'S OUT.mp3,112.04,279,2.4902
ddr_beatmap,/Users/mukeshguntumadugu/LLM_rock/llm_beatmap_generator/src/musicForBeatmap/remi/kiminosora_bokunosora/kiminosorabokunosora.mp3,98.09,186,1.8962
ddr_beatmap,/Users/mukeshguntumadugu/LLM_rock/llm_beatmap_generator/src/musicForBeatmap/remi/ÉhÉâÉ}ÉeÉBÉbÉNÅEÉpÉåÅ[Éh/ÉhÉâÉ}ÉeÉBÉbÉNÅEÉpÉåÅ[Éh .mp3,109.97,139,1.264
ddr_beatmap,/Users/mukeshguntumadugu/LLM_rock/llm_beatmap_generator/src/musicForBeatmap/remi/LOVE ADVENTURE/LOVE ADVENTURE.mp3,90.84,137,1.5081
ddr_beatmap,/Users/mukeshguntumadugu/LLM_rock/llm_beatmap_generator/src/musicForBeatmap/remi/RockOnYou/RockOnYou.mp3,140.03,392,2.7994
ddr_beatmap,/Users/mukeshguntumadugu/LLM_rock/llm_beatmap_generator/src/musicForBeatmap/remi/PeaceÅóPieces/PeaceÅóPieces.mp3,109.1,337,3.0889
ddr_beatmap,/Users/mukeshguntumadugu/LLM_rock/llm_beatmap_generator/src/musicForBeatmap/remi/ÉRÅ[ÉeÉBÉìÉOÉ`ÉáÉR/choco.mp3,152.69,482,3.1568
ddr_beatmap,/Users/mukeshguntumadugu/LLM_rock/llm_beatmap_generator/src/musicForBeatmap/remi/Gracias/Gracias.mp3,142.32,83,0.5832
ddr_beatmap,/Users/mukeshguntumadugu/LLM_rock/llm_beatmap_generator/src/musicForBeatmap/remi/MAID in blade/MAID in brade.mp3,105.13,400,3.8048
ddr_beatmap,/Users/mukeshguntumadugu/LLM_rock/llm_beatmap_generator/src/musicForBeatmap/remi/Kaleidoscope Ex/Kaleidoscope.mp3,123.6,309,2.5
ddr_beatmap,/Users/mukeshguntumadugu/LLM_rock/llm_beatmap_generator/src/musicForBeatmap/remi/MA-N-KI-TSU!/MA-N-KI-TSU!.mp3,111.58,244,2.1867
ddr_beatmap,/Users/mukeshguntumadugu/LLM_rock/llm_beatmap_generator/src/musicForBeatmap/remi/Inperishable Night 2016/Imperishable Night 2006 (2016 Refine).mp3,134.49,115,0.8551
ddr_beatmap,/Users/mukeshguntumadugu/LLM_rock/llm_beatmap_generator/src/musicForBeatmap/remi/ÉpÉgRUNÅIÇΩÇ‹RUNÅI/patoran.mp3,159.41,342,2.1454
ddr_beatmap,/Users/mukeshguntumadugu/LLM_rock/llm_beatmap_generator/src/musicForBeatmap/remi/ÉAÉãÉJÉfÉBÉA/arcadia.mp3,106.68,325,3.0464
ddr_beatmap,/Users/mukeshguntumadugu/LLM_rock/llm_beatmap_generator/src/musicForBeatmap/remi/óˆâÃéæïó!Ç©ÇÈÇΩÉNÉCÅ[ÉìÇ¢ÇÎÇÕ/iroha.mp3,133.97,575,4.292
ddr_beatmap,/Users/mukeshguntumadugu/LLM_rock/llm_beatmap_generator/src/musicForBeatmap/remi/SuisaiCandy/SuisaiCandy.mp3,90.46,393,4.3444
ddr_beatmap,/Users/mukeshguntumadugu/LLM_rock/llm_beatmap_generator/src/musicForBeatmap/remi/LoveHalation/LoveHalation.mp3,114.0,174,1.5263
ddr_beatmap,/Users/mukeshguntumadugu/LLM_rock/llm_beatmap_generator/src/musicForBeatmap/remi/kurorekisi/kurorekisi.mp3,103.59,174,1.6797
ddr_beatmap,/Users/mukeshguntumadugu/LLM_rock/llm_beatmap_generator/src/musicForBeatmap/remi/Åôì¯êFÉçÉbÉNÉìÉçÅ[ÉãÅÙ/Åôì¯êFÉçÉbÉNÉìÉçÅ[ÉãÅÙ.mp3,121.98,211,1.7298
ddr_beatmap,/Users/mukeshguntumadugu/LLM_rock/llm_beatmap_generator/src/musicForBeatmap/remi/Begining Moment/Beginning Moment.mp3,95.71,319,3.3329
ddr_beatmap,/Users/mukeshguntumadugu/LLM_rock/llm_beatmap_generator/src/musicForBeatmap/remi/ÇÁÇ‘ÇÁÇ‘ÅôÇÍÇ⁄ÇÈÅ[ÇµÇÂÇÒÇ»Ç§ÅI/ÇÁÇ‘ÇÁÇ‘ÅôÇÍÇ⁄ÇÈÅ[ÇµÇÂÇÒÇ»Ç§ÅI.ogg,92.2,419,4.5444
ddr_beatmap,/Users/mukeshguntumadugu/LLM_rock/llm_beatmap_generator/src/musicForBeatmap/remi/èâóˆÉÅÉçÉìKiss Ex/hatsukoi.mp3,117.05,512,4.374
ddr_beatmap,/Users/mukeshguntumadugu/LLM_rock/llm_beatmap_generator/src/musicForBeatmap/remi/128Å„e980/128Å„e980.mp3,117.86,201,1.7053
ddr_beatmap,/Users/mukeshguntumadugu/LLM_rock/llm_beatmap_generator/src/musicForBeatmap/remi/kiss me kiss to you/kiss me kiss to you.mp3,100.53,355,3.5312
ddr_beatmap,/Users/mukeshguntumadugu/LLM_rock/llm_beatmap_generator/src/musicForBeatmap/remi/Real/horizont_Real.mp3,216.87,518,2.3885
ddr_beatmap,/Users/mukeshguntumadugu/LLM_rock/llm_beatmap_generator/src/musicForBeatmap/remi/Dear you/Dear you.mp3,137.46,381,2.7718
ddr_beatmap,/Users/mukeshguntumadugu/LLM_rock/llm_beatmap_generator/src/musicForBeatmap/remi/Ç†ÇΩÇµÇÁÇµÇ≠ÅI/Ç†ÇΩÇµÇÁÇµÇ≠ÅI.mp3,87.76,248,2.8259
ddr_beatmap,/Users/mukeshguntumadugu/LLM_rock/llm_beatmap_generator/src/musicForBeatmap/remi/ÇÕÅEÇøÅEÇ€ÅEÇø/ÇÕÅEÇøÅEÇ€ÅEÇø.mp3,103.77,118,1.1371
ddr_beatmap,/Users/mukeshguntumadugu/LLM_rock/llm_beatmap_generator/src/musicForBeatmap/remi/FairyJoke/FairyJoke.mp3,118.86,479,4.03
ddr_beatmap,/Users/mukeshguntumadugu/LLM_rock/llm_beatmap_generator/src/musicForBeatmap/remi/tukisome/tukisome.mp3,141.01,712,5.0493
ddr_beatmap,/Users/mukeshguntumadugu/LLM_rock/llm_beatmap_generator/src/musicForBeatmap/remi/Graceful Anomaly Ex/Graceful Anomaly.mp3,103.05,413,4.0076
ddr_beatmap,/Users/mukeshguntumadugu/LLM_rock/llm_beatmap_generator/src/musicForBeatmap/remi/tokinosenka/tokinosenka.mp3,92.8,364,3.9224
ddr_beatmap,/Users/mukeshguntumadugu/LLM_rock/llm_beatmap_generator/src/musicForBeatmap/remi/Red.by full metal jacket/Red. by full metal jacket.mp3,123.66,245,1.9812
ddr_beatmap,/Users/mukeshguntumadugu/LLM_rock/llm_beatmap_generator/src/musicForBeatmap/remi/evas/evas.mp3,104.49,326,3.1199
ddr_beatmap,/Users/mukeshguntumadugu/LLM_rock/llm_beatmap_generator/src/musicForBeatmap/remi/otogelove/otogelove.mp3,127.92,378,2.9549
ddr_beatmap,/Users/mukeshguntumadugu/LLM_rock/llm_beatmap_generator/src/musicForBeatmap/remi/ÉAÉ}ÉIÉg/ÉAÉ}ÉIÉg.mp3,125.62,377,3.001
ddr_beatmap,/Users/mukeshguntumadugu/LLM_rock/llm_beatmap_generator/src/musicForBeatmap/remi/ñÉèèàﬂÅiã‡ï¸ÅjÇÕëÂïœÇ»ÉlÉ^ÉoÉåÇÇﬁÅ[ÇøÇÂÇœÅ[/mu-tyopa-.mp3,121.47,154,1.2678
ddr_beatmap,/Users/mukeshguntumadugu/LLM_rock/llm_beatmap_generator/src/musicForBeatmap/remi/ètÇÃózEx/ètÇÃóz.ogg,93.31,356,3.8153
ddr_beatmap,/Users/mukeshguntumadugu/LLM_rock/llm_beatmap_generator/src/musicForBeatmap/remi/Aisaika/Aisaika.mp3,100.08,455,4.5466
ddr_beatmap,/Users/mukeshguntumadugu/LLM_rock/llm_beatmap_generator/src/musicForBeatmap/remi/MeltyMoment/MeltyMoment.mp3,109.87,261,2.3755
ddr_beatmap,/Users/mukeshguntumadugu/LLM_rock/llm_beatmap_generator/src/musicForBeatmap/remi/Rolling StarÅôúc/Rolling Star.mp3,124.92,542,4.3388
ddr_beatmap,/Users/mukeshguntumadugu/LLM_rock/llm_beatmap_generator/src/musicForBeatmap/remi/Lilith/Lilith.mp3,150.05,470,3.1323
ddr_beatmap,/Users/mukeshguntumadugu/LLM_rock/llm_beatmap_generator/src/musicForBeatmap/remi/éûâJDictionary -éûâJDEATH-/sigure.mp3,124.36,282,2.2677
ddr_beatmap,/Users/mukeshguntumadugu/LLM_rock/llm_beatmap_generator/src/musicForBeatmap/remi/rockRollEx/rockRollEx.mp3,121.98,211,1.7298
ddr_beatmap,/Users/mukeshguntumadugu/LLM_rock/llm_beatmap_generator/src/musicForBeatmap/remi/ÉâÉuÉâÉuÅôà§èÓêÈåæÅI/ÉâÉuÉâÉuÅôà§èÓêÈåæ.ogg,111.09,303,2.7275
ddr_beatmap,/Users/mukeshguntumadugu/LLM_rock/llm_beatmap_generator/src/musicForBeatmap/remi/Star feat.Gameloid/Star feat.Gameloid.mp3,117.88,249,2.1123
ddr_beatmap,/Users/mukeshguntumadugu/LLM_rock/llm_beatmap_generator/src/musicForBeatmap/remi/à∫‡£ÇÃñAñóÇ™î@Ç≠/SennoHatou.mp3,95.01,390,4.1049
ddr_beatmap,/Users/mukeshguntumadugu/LLM_rock/llm_beatmap_generator/src/musicForBeatmap/remi/franmusicroom/franmusicroom.mp3,176.76,679,3.8414
ddr_beatmap,/Users/mukeshguntumadugu/LLM_rock/llm_beatmap_generator/src/musicForBeatmap/remi/íjé›Dictionary/dansyakuDictionary.mp3,108.19,269,2.4864
ddr_beatmap,/Users/mukeshguntumadugu/LLM_rock/llm_beatmap_generator/src/musicForBeatmap/remi/â‘ë©/â‘ë©.mp3,113.58,444,3.9091
ddr_beatmap,/Users/mukeshguntumadugu/LLM_rock/llm_beatmap_generator/src/musicForBeatmap/remi/èIññÇÃÉtÉâÉNÉ^Éã/èIññÇÃÉtÉâÉNÉ^Éã.mp3,117.03,218,1.8628
ddr_beatmap,/Users/mukeshguntumadugu/LLM_rock/llm_beatmap_generator/src/musicForBeatmap/remi/Princess Roki/Princess Roki.mp3,110.2,280,2.5409
ddr_beatmap,/Users/mukeshguntumadugu/LLM_rock/llm_beatmap_generator/src/musicForBeatmap/remi/ÉcÉìÉfÉåcafeÇ÷ÇÊÇ§Ç±ÇªÅô/ÉcÉìÉfÉåcafeÇ÷ÇÊÇ§Ç±ÇªÅô.mp3,123.7,328,2.6515
ddr_beatmap,/Users/mukeshguntumadugu/LLM_rock/llm_beatmap_generator/src/musicForBeatmap/remi/ÇÕÇ»É}ÉãÉbÅI Ex/hanademo_01.mp3,87.04,361,4.1475
ddr_beatmap,/Users/mukeshguntumadugu/LLM_rock/llm_beatmap_generator/src/musicForBeatmap/remi/ñ≤Ç…Ç¬Ç¢Çƒ TYPE C/ñ≤Ç…Ç¬Ç¢Çƒ TYPE C.mp3,100.19,118,1.1777
ddr_beatmap,/Users/mukeshguntumadugu/LLM_rock/llm_beatmap_generator/src/musicForBeatmap/remi/In The Ruins/In The Ruins.mp3,115.16,527,4.5762
ddr_beatmap,/Users/mukeshguntumadugu/LLM_rock/llm_beatmap_generator/src/musicForBeatmap/remi/Focus love/Focus love.mp3,97.96,379,3.869
ddr_beatmap,"/Users/mukeshguntumadugu/LLM_rock/llm_beatmap_generator/src/musicForBeatmap/remi/Pure Love, True Love/Pure Love, True Love.mp3",97.83,328,3.3528
ddr_beatmap,/Users/mukeshguntumadugu/LLM_rock/llm_beatmap_generator/src/musicForBeatmap/remi/Twinkle Star Sweetie Star/Twinkle Star Sweetie Star.mp3,93.96,372,3.959
ddr_beatmap,/Users/mukeshguntumadugu/LLM_rock/llm_beatmap_generator/src/musicForBeatmap/remi/HEAT-BIT-HIT-BEAT/HEAT-BIT-HIT-BEAT.mp3,122.28,38,0.3108
ddr_beatmap,/Users/mukeshguntumadugu/LLM_rock/llm_beatmap_generator/src/musicForBeatmap/remi/ñ≈ñSìVégÅıÇ…Ç±Ç´Ç„Ç¡Ç“ÇÒ/ñ≈ñSìVégÅıÇ…Ç±Ç´Ç„Ç¡Ç“ÇÒ.mp3,114.3,481,4.2082
ddr_beatmap,/Users/mukeshguntumadugu/LLM_rock/llm_beatmap_generator/src/musicForBeatmap/remi/Mynarco/Mynarco.mp3,107.9,381,3.5311
ddr_beatmap,/Users/mukeshguntumadugu/LLM_rock/llm_beatmap_generator/src/musicForBeatmap/remi/Eternal Recurrence/Eternal Recurrence.mp3,118.07,475,4.0229
ddr_beatmap,/Users/mukeshguntumadugu/LLM_rock/llm_beatmap_generator/src/musicForBeatmap/remi/Ç“Ç©Ç“Ç©Ç®êØÇ≥Ç‹/shiropika.mp3,86.2,387,4.4893
ddr_beatmap,/Users/mukeshguntumadugu/LLM_rock/llm_beatmap_generator/src/musicForBeatmap/remi/LoveSh/LoveSh.mp3,89.29,172,1.9264
ddr_beatmap,/Users/mukeshguntumadugu/LLM_rock/llm_beatmap_generator/src/musicForBeatmap/remi/Clover Day's/Clover Day's.mp3,157.86,570,3.6108
ddr_beatmap,/Users/mukeshguntumadugu/LLM_rock/llm_beatmap_generator/src/musicForBeatmap/remi/Raison D'etre/Raison D'etre.mp3,125.62,53,0.4219
ddr_beatmap,/Users/mukeshguntumadugu/LLM_rock/llm_beatmap_generator/src/musicForBeatmap/remi/Wireless Cosmic/Wireless Cosmic_short.mp3,155.79,260,1.6689
ddr_beatmap,/Users/mukeshguntumadugu/LLM_rock/llm_beatmap_generator/src/musicForBeatmap/remi/äDÇ©Ç‘ÇËïPÇ∂Ç·Ç»Ç≠ÇƒÇ‡/äDÇ©Ç‘ÇËïPÇ∂Ç·Ç»Ç≠ÇƒÇ‡.mp3,118.09,175,1.482
ddr_beatmap,/Users/mukeshguntumadugu/LLM_rock/llm_beatmap_generator/src/musicForBeatmap/remi/LOVE LOVE WARS/LOVE LOVE WARS.mp3,99.84,385,3.8562
ddr_beatmap,/Users/mukeshguntumadugu/LLM_rock/llm_beatmap_generator/src/musicForBeatmap/remi/sprine/sprine.mp3,117.86,316,2.681
ddr_beatmap,/Users/mukeshguntumadugu/LLM_rock/llm_beatmap_generator/src/musicForBeatmap/remi/chilblain/chilblain.mp3,130.44,236,1.8092
ddr_beatmap,/Users/mukeshguntumadugu/LLM_rock/llm_beatmap_generator/src/musicForBeatmap/remi/ÉAÉIÉ]ÉâÉtÉ@ÉCÉeÉBÉìÉO/ÉAÅEÉIÅEÉ]ÅEÉâÅôÇ”ÇüÇ¢ÇƒÇ°ÇÒÇÆ (mp3cut.net).mp3,140.54,610,4.3403
ddr_beatmap,/Users/mukeshguntumadugu/LLM_rock/llm_beatmap_generator/src/musicForBeatmap/remi/óˆÇ∑ÇÈêXÇÃfaily tale/óˆÇ∑ÇÈêXÇÃfaily tale.mp3,134.45,466,3.4659
ddr_beatmap,/Users/mukeshguntumadugu/LLM_rock/llm_beatmap_generator/src/musicForBeatmap/remi/ÉVÉìÉtÉHÉjÉbÉNÅEÉâÉu/ÉVÉìÉtÉHÉjÉbÉNÅEÉâÉu.mp3,99.34,370,3.7244
ddr_beatmap,/Users/mukeshguntumadugu/LLM_rock/llm_beatmap_generator/src/musicForBeatmap/remi/Little My Star/Little My Star.mp3,106.81,459,4.2972
ddr_beatmap,/Users/mukeshguntumadugu/LLM_rock/llm_beatmap_generator/src/musicForBeatmap/remi/Scarlet/Scarlet.mp3,91.87,103,1.1211
ddr_beatmap,/Users/mukeshguntumadugu/LLM_rock/llm_beatmap_generator/src/musicForBeatmap/remi/LOVELIVE LOST/LOVELIVE LOST.mp3,143.8,308,2.1418
ddr_beatmap,/Users/mukeshguntumadugu/LLM_rock/llm_beatmap_generator/src/musicForBeatmap/remi/ÉqÉ~ÉcÉmÉ~ÉâÉC/ÉqÉ~ÉcÉmÉ~ÉâÉC.mp3,120.33,354,2.9418
ddr_beatmap,/Users/mukeshguntumadugu/LLM_rock/llm_beatmap_generator/src/musicForBeatmap/remi/ÇæÇ¡ÇƒâƒÇ≈ÇµÇÂÅHÇµÇÂÅI/ÇæÇ¡ÇƒâƒÇ≈ÇµÇÂÅHÇµÇÂÅI.mp3,90.7,558,6.1523
ddr_beatmap,/Users/mukeshguntumadugu/LLM_rock/llm_beatmap_generator/src/musicForBeatmap/remi/START/START.mp3,124.51,201,1.6143
ddr_beatmap,/Users/mukeshguntumadugu/LLM_rock/llm_beatmap_generator/src/musicForBeatmap/remi/Aci-L/Aci-L.mp3,147.07,510,3.4678
ddr_beatmap,/Users/mukeshguntumadugu/LLM_rock/llm_beatmap_generator/src/musicForBeatmap/remi/â‘Ç—ÇÁÇ∆ÇËÇ⁄ÇÒ/â‘Ç—ÇÁÇ∆ÇËÇ⁄ÇÒ.mp3,240.05,840,3.4992
ddr_beatmap,/Users/mukeshguntumadugu/LLM_rock/llm_beatmap_generator/src/musicForBeatmap/remi/ÉZÉCÉMÉmÉ`ÉJÉâ/à˙ñÇç~ó’ÉfÉrÉãÅôÉJÅ[ÉjÉoÉã éÂëËâÃÅuÉZÉCÉMÉmÉ`ÉJÉâÅvìÆâÊÉoÅ[ÉWÉáÉì.mp3,108.09,170,1.5728
ddr_beatmap,/Users/mukeshguntumadugu/LLM_rock/llm_beatmap_generator/src/musicForBeatmap/remi/MAYBE ROSY KISS/MAYBE ROSY KISS.mp3,123.1,229,1.8602
ddr_beatmap,/Users/mukeshguntumadugu/LLM_rock/llm_beatmap_generator/src/musicForBeatmap/remi/gogoloveyou/gogoloveyou.mp3,93.64,430,4.5922
ddr_beatmap,/Users/mukeshguntumadugu/LLM_rock/llm_beatmap_generator/src/musicForBeatmap/remi/zuttomiraimo/zuttomiraimo.mp3,132.31,174,1.3151
ddr_beatmap,/Users/mukeshguntumadugu/LLM_rock/llm_beatmap_generator/src/musicForBeatmap/remi/åNÇ…ìÕÇ≠Ç‹Ç≈/sakura.mp3,137.67,151,1.0969
ddr_beatmap,/Users/mukeshguntumadugu/LLM_rock/llm_beatmap_generator/src/musicForBeatmap/remi/guruÅáguru/guruÅáguru.mp3,151.3,441,2.9147
ddr_beatmap,/Users/mukeshguntumadugu/LLM_rock/llm_beatmap_generator/src/musicForBeatmap/remi/Symphonic Love All Star/Symphonic Love All Star.mp3,96.76,318,3.2866
ddr_beatmap,/Users/mukeshguntumadugu/LLM_rock/llm_beatmap_generator/src/musicForBeatmap/remi/îÈñßédä_ÇØÇÃApple/îÈñßédä_ÇØÇÃApple.mp3,142.37,449,3.1538
ddr_beatmap,/Users/mukeshguntumadugu/LLM_rock/llm_beatmap_generator/src/musicForBeatmap/remi/Ç®åZÇøÇ·ÇÒÅAâEéËÇÃégópÇã÷é~ÇµÇ‹Ç∑Ex/Ç®åZÇøÇ·ÇÒÅAâEéËÇÃégópÇã÷é~ÇµÇ‹Ç∑.mp3,137.61,500,3.6334
ddr_beatmap,/Users/mukeshguntumadugu/LLM_rock/llm_beatmap_generator/src/musicForBeatmap/remi/iÇâÇ´Ç»Ç≥Ç¢/iÇâÇ´Ç»Ç≥Ç¢.mp3,99.58,407,4.0873
ddr_beatmap,/Users/mukeshguntumadugu/LLM_rock/llm_beatmap_generator/src/musicForBeatmap/remi/óˆÇÃÇœÇ…Ç¡Ç≠ÅôÇÈÅ[Çﬁ/óˆÇÃÇœÇ…Ç¡Ç≠ÅôÇÈÅ[Çﬁ.mp3,138.57,397,2.865
ddr_beatmap,/Users/mukeshguntumadugu/LLM_rock/llm_beatmap_generator/src/musicForBeatmap/remi/Happy xx time/Happy xx time.mp3,106.03,493,4.6495
ddr_beatmap,/Users/mukeshguntumadugu/LLM_rock/llm_beatmap_generator/src/musicForBeatmap/remi/VAMPIRE FLOWERS Ex/VAMPIRE FLOWERS.mp3,107.15,38,0.3546
ddr_beatmap,/Users/mukeshguntumadugu/LLM_rock/llm_beatmap_generator/src/musicForBeatmap/remi/koiseyootome/koiseyootome.mp3,89.26,43,0.4817
ddr_beatmap,/Users/mukeshguntumadugu/LLM_rock/llm_beatmap_generator/src/musicForBeatmap/remi/Piece of Time/Piece of Time.mp3,133.38,425,3.1864
ddr_beatmap,/Users/mukeshguntumadugu/LLM_rock/llm_beatmap_generator/src/musicForBeatmap/remi/ìVãÛÇÃïó/ìVãÛÇÃïó.mp3,89.85,306,3.4057
ddr_beatmap,/Users/mukeshguntumadugu/LLM_rock/llm_beatmap_generator/src/musicForBeatmap/remi/óˆëM„áóê/rensen.mp3,102.77,125,1.2164
ddr_beatmap,/Users/mukeshguntumadugu/LLM_rock/llm_beatmap_generator/src/musicForBeatmap/remi/DebackKyariban/DebackKyariban.mp3,93.62,245,2.6169
ddr_beatmap,/Users/mukeshguntumadugu/LLM_rock/llm_beatmap_generator/src/musicForBeatmap/remi/ñÈñæÇØÇÃêØãÛ/yoake.mp3,141.89,735,5.1801
ddr_beatmap,/Users/mukeshguntumadugu/LLM_rock/llm_beatmap_generator/src/musicForBeatmap/remi/ÅıèçÇÃè¨à´ñÇÉâÉîÉäÉBÅ`ÉåÉCÉfÉBÉIÅı/koakuma.mp3,110.65,240,2.1689
ddr_beatmap,/Users/mukeshguntumadugu/LLM_rock/llm_beatmap_generator/src/musicForBeatmap/remi/Precious Wing/Precious Wing.mp3,106.11,450,4.2409
ddr_beatmap,/Users/mukeshguntumadugu/LLM_rock/llm_beatmap_generator/src/musicForBeatmap/remi/óˆÇ≥Ç≠É~ÉâÉC Ex/koisakumirai.mp3,121.36,430,3.543
ddr_beatmap,/Users/mukeshguntumadugu/LLM_rock/llm_beatmap_generator/src/musicForBeatmap/remi/GIB/Wonderful.mp3,98.85,312,3.1564
ddr_beatmap,/Users/mukeshguntumadugu/LLM_rock/llm_beatmap_generator/src/musicForBeatmap/remi/Cherry My Heart/Cherry My Heart.mp3,104.1,413,3.9674
ddr_beatmap,/Users/mukeshguntumadugu/LLM_rock/llm_beatmap_generator/src/musicForBeatmap/remi/ÉXÉgÉåÉCÉgÉVÅ[Év/ÉXÉgÉåÉCÉgÉVÅ[Év.mp3,107.73,539,5.0033
ddr_beatmap,/Users/mukeshguntumadugu/LLM_rock/llm_beatmap_generator/src/musicForBeatmap/remi/Mo!No!/Mo!No!.mp3,83.59,73,0.8733
ddr_beatmap,/Users/mukeshguntumadugu/LLM_rock/llm_beatmap_generator/src/musicForBeatmap/remi/Repeats world/Repeats world.mp3,117.76,373,3.1675
ddr_beatmap,/Users/mukeshguntumadugu/LLM_rock/llm_beatmap_generator/src/musicForBeatmap/remi/Dreht_Sich!/BFMOVIE400.mp3,140.07,320,2.2846
ddr_beatmap,/Users/mukeshguntumadugu/LLM_rock/llm_beatmap_generator/src/musicForBeatmap/remi/Angel Eyes/Angel Eyes.mp3,92.1,393,4.2673
ddr_beatmap,/Users/mukeshguntumadugu/LLM_rock/llm_beatmap_generator/src/musicForBeatmap/remi/âΩÇ…Ç‡Ç»Ç¢ÅIÇ§ÇΩÅB/âΩÇ…Ç‡Ç»Ç¢ÅIÇ§ÇΩÅB.mp3,133.16,202,1.517
ddr_beatmap,/Users/mukeshguntumadugu/LLM_rock/llm_beatmap_generator/src/musicForBeatmap/remi/ÉIÉÇÉEÉ`ÉJÉâ/ÉIÉÇÉEÉ`ÉJÉâ.mp3,102.4,346,3.3789
ddr_beatmap,/Users/mukeshguntumadugu/LLM_rock/llm_beatmap_generator/src/musicForBeatmap/remi/Graceful Anomaly/Graceful Anomaly.mp3,103.05,413,4.0076
ddr_beatmap,/Users/mukeshguntumadugu/LLM_rock/llm_beatmap_generator/src/musicForBeatmap/remi/ñ≤ÇÃpreparation/preparation.mp3,89.81,398,4.4316
ddr_beatmap,/Users/mukeshguntumadugu/LLM_rock/llm_beatmap_generator/src/musicForBeatmap/remi/êØÇÃÇÊÇ§Ç…Ç»ÇËÇΩÇ¢/êØÇÃÇÊÇ§Ç…Ç»ÇËÇΩÇ¢.mp3,108.64,268,2.4668
ddr_beatmap,/Users/mukeshguntumadugu/LLM_rock/llm_beatmap_generator/src/musicForBeatmap/remi/Trickstar/Trickstar.mp3,109.08,290,2.6587
ddr_beatmap,/Users/mukeshguntumadugu/LLM_rock/llm_beatmap_generator/src/musicForBeatmap/remi/euphoria/euphoria.mp3,106.53,462,4.3369
ddr_beatmap,/Users/mukeshguntumadugu/LLM_rock/llm_beatmap_generator/src/musicForBeatmap/remi/Steal My Heart/Steal My Heart.mp3,99.03,379,3.8271
ddr_beatmap,/Users/mukeshguntumadugu/LLM_rock/llm_beatmap_generator/src/musicForBeatmap/remi/ÇÎÅ[ÇÈÅ‰ÉIÅ[Éã/ÇÎÅ[ÇÈÅ‰ÉIÅ[Éã.mp3,114.73,258,2.2488
ddr_beatmap,/Users/mukeshguntumadugu/LLM_rock/llm_beatmap_generator/src/musicForBeatmap/remi/Ageless Love/Ageless Love.mp3,151.88,281,1.8502
ddr_beatmap,/Users/mukeshguntumadugu/LLM_rock/llm_beatmap_generator/src/musicForBeatmap/remi/ócèóÇ…Ç»ÇËÇΩÇ¢/ócèóÇ…Ç»ÇËÇΩÇ¢.mp3,124.34,526,4.2302
ddr_beatmap,/Users/mukeshguntumadugu/LLM_rock/llm_beatmap_generator/src/musicForBeatmap/remi/brain analysis/brain analysis.mp3,113.02,187,1.6546
ddr_beatmap,/Users/mukeshguntumadugu/LLM_rock/llm_beatmap_generator/src/musicForBeatmap/remi/LOVEÉRÉìÅ~ÉXÉLÉìÉVÉbÉvÉX/Lovecons.mp3,90.21,283,3.137
ddr_beatmap,/Users/mukeshguntumadugu/LLM_rock/llm_beatmap_generator/src/musicForBeatmap/remi/ÉlÉKÉCÉ~ÉY -KILL-/nekill.mp3,111.05,321,2.8906
ddr_beatmap,/Users/mukeshguntumadugu/LLM_rock/llm_beatmap_generator/src/musicForBeatmap/remi/Reconquista/Reconquista.mp3,101.42,459,4.5257
ddr_beatmap,/Users/mukeshguntumadugu/LLM_rock/llm_beatmap_generator/src/musicForBeatmap/remi/ityaprincess/ityaprincess.mp3,113.01,211,1.8672
ddr_beatmap,/Users/mukeshguntumadugu/LLM_rock/llm_beatmap_generator/src/musicForBeatmap/remi/karakuri/karakuri.mp3,134.58,386,2.8681
ddr_beatmap,/Users/mukeshguntumadugu/LLM_rock/llm_beatmap_generator/src/musicForBeatmap/remi/Snow Wish/Snow Wish.mp3,107.13,262,2.4457
ddr_beatmap,/Users/mukeshguntumadugu/LLM_rock/llm_beatmap_generator/src/musicForBeatmap/remi/grand blue/grand blue.mp3,125.1,504,4.0288
ddr_beatmap,/Users/mukeshguntumadugu/LLM_rock/llm_beatmap_generator/src/musicForBeatmap/remi/É~ÉâÉNÉãÉnÉCÉvÉåÉbÉVÉÉÅ[/miracle.mp3,106.81,321,3.0052
ddr_beatmap,/Users/mukeshguntumadugu/LLM_rock/llm_beatmap_generator/src/musicForBeatmap/remi/good high school/good high school.mp3,105.87,389,3.6742
ddr_beatmap,/Users/mukeshguntumadugu/LLM_rock/llm_beatmap_generator/src/musicForBeatmap/remi/óˆÇ–óˆÇ”âè Ex/koikoi.mp3,104.23,377,3.6171
ddr_beatmap,/Users/mukeshguntumadugu/LLM_rock/llm_beatmap_generator/src/musicForBeatmap/remi/Dear/Dear.mp3,119.86,337,2.8115
ddr_beatmap,/Users/mukeshguntumadugu/LLM_rock/llm_beatmap_generator/src/musicForBeatmap/remi/èâóˆÉÅÉçÉìKiss/èâóˆÉÅÉçÉìKiss.mp3,117.05,512,4.374
ddr_beatmap,/Users/mukeshguntumadugu/LLM_rock/llm_beatmap_generator/src/musicForBeatmap/remi/ê¬Ç∆îíÇÃãtï˚å¸/ê¬Ç∆îíÇÃãtï˚å¸.mp3,85.81,182,2.1209
ddr_beatmap,/Users/mukeshguntumadugu/LLM_rock/llm_beatmap_generator/src/musicForBeatmap/remi/NAIAIAI/NAIAIAI.mp3,123.21,369,2.9949
ddr_beatmap,/Users/mukeshguntumadugu/LLM_rock/llm_beatmap_generator/src/musicForBeatmap/remi/ÉNÉçÅ[ÉoÅ[/ÉNÉçÅ[ÉoÅ[.mp3,99.16,444,4.4776
ddr_beatmap,/Users/mukeshguntumadugu/LLM_rock/llm_beatmap_generator/src/musicForBeatmap/remi/(remi)-reduction division-/Red -reduction division-.mp3,120.5,192,1.5933
ddr_beatmap,/Users/mukeshguntumadugu/LLM_rock/llm_beatmap_generator/src/musicForBeatmap/remi/Snow Connect/Snow Connect.mp3,102.16,278,2.7211
ddr_beatmap,/Users/mukeshguntumadugu/LLM_rock/llm_beatmap_generator/src/musicForBeatmap/remi/Ç≠ÇÈÇ≠ÇÈÉtÉ@ÉiÉeÉBÉbÉN/KuruKuru Fanatic Demo Movie.mp3,170.07,496,2.9164
ddr_beatmap,/Users/mukeshguntumadugu/LLM_rock/llm_beatmap_generator/src/musicForBeatmap/remi/natsuno_owari/âƒÇÃèI‡ÅÇË_short.mp3,127.29,482,3.7865
ddr_beatmap,/Users/mukeshguntumadugu/LLM_rock/llm_beatmap_generator/src/musicForBeatmap/remi/HEARTBEAT/HEARTBEAT.mp3,147.77,425,2.876
ddr_beatmap,/Users/mukeshguntumadugu/LLM_rock/llm_beatmap_generator/src/musicForBeatmap/remi/é‹îM Pt.2 Long Train Running/syakunetu.mp3,127.54,469,3.6772
ddr_beatmap,/Users/mukeshguntumadugu/LLM_rock/llm_beatmap_generator/src/musicForBeatmap/remi/GHOSTÅ~GRADUATION/GHOSTÅ~GRADUATION.mp3,130.12,349,2.6822
ddr_beatmap,/Users/mukeshguntumadugu/LLM_rock/llm_beatmap_generator/src/musicForBeatmap/remi/ÉÜÉåÉãÉTÉCÉNÉã/ÉÜÉåÉãÉTÉCÉNÉã.mp3,116.13,210,1.8083
ddr_beatmap,/Users/mukeshguntumadugu/LLM_rock/llm_beatmap_generator/src/musicForBeatmap/remi/STARÅôCARNIVAL/STARCARNIVAL.mp3,114.53,391,3.4138
ddr_beatmap,/Users/mukeshguntumadugu/LLM_rock/llm_beatmap_generator/src/musicForBeatmap/remi/ÉoÉjÉâÉAÉCÉXÇ…è›ñ˚Ç≈Ç›ÇΩÇÁÇµícéqÇÃÇ®ñ°Ç…Ç»ÇÈÇÊÇÃÇ§ÇΩÅB/ÉoÉjÉâÉAÉCÉXÇ…è›ñ˚Ç≈Ç›ÇΩÇÁÇµícéqÇÃÇ®ñ°Ç…Ç»ÇÈÇÊÇÃÇ§ÇΩÅB.mp3,23.24,73,3.1415
ddr_beatmap,/Users/mukeshguntumadugu/LLM_rock/llm_beatmap_generator/src/musicForBeatmap/remi/go!go!Summer drive!/go!go!Summer drive!.mp3,182.15,86,0.4721
ddr_beatmap,/Users/mukeshguntumadugu/LLM_rock/llm_beatmap_generator/src/musicForBeatmap/remi/PEACE BREAKER/PEACE BREAKER.mp3,134.35,331,2.4638
ddr_beatmap,/Users/mukeshguntumadugu/LLM_rock/llm_beatmap_generator/src/musicForBeatmap/remi/KIMONO PRINCESS/KIMONO PRINCESS.mp3,105.0,374,3.5619
ddr_beatmap,/Users/mukeshguntumadugu/LLM_rock/llm_beatmap_generator/src/musicForBeatmap/remi/SINCLAIR/SINCLAIR.mp3,100.06,315,3.1482
ddr_beatmap,/Users/mukeshguntumadugu/LLM_rock/llm_beatmap_generator/src/musicForBeatmap/remi/Elemental Creation/Elemental Creation.mp3,133.96,701,5.2331
ddr_beatmap,/Users/mukeshguntumadugu/LLM_rock/llm_beatmap_generator/src/musicForBeatmap/remi/GirlsLife/GirlsLife.mp3,106.03,290,2.735
ddr_beatmap,/Users/mukeshguntumadugu/LLM_rock/llm_beatmap_generator/src/musicForBeatmap/remi/Aliare Ex/Aliare Ex.mp3,131.52,477,3.6269
ddr_beatmap,/Users/mukeshguntumadugu/LLM_rock/llm_beatmap_generator/src/musicForBeatmap/remi/Rave it!! Rave it!!/Rave it!! Rave it!!.mp3,111.82,341,3.0496
ddr_beatmap,/Users/mukeshguntumadugu/LLM_rock/llm_beatmap_generator/src/musicForBeatmap/remi/Ç∆Ç®ÇËÇ·ÇÒÇπÅ`ä√î¸ïóóà/yosino.mp3,205.91,247,1.1995
ddr_beatmap,/Users/mukeshguntumadugu/LLM_rock/llm_beatmap_generator/src/musicForBeatmap/remi/âiâìÇ»ÇÈ„JÇ∆ëzÇ¢ÇÃÉLÉZÉL/âiâìÇ»ÇÈ„JÇ∆ëzÇ¢ÇÃÉLÉZÉL.mp3,106.0,455,4.2923
ddr_beatmap,/Users/mukeshguntumadugu/LLM_rock/llm_beatmap_generator/src/musicForBeatmap/remi/óˆÇ∑ÇÈéoñÖÅôÉâÅôòZèdëtEx/óˆÇ∑ÇÈéoñÖÅôÉâÅôòZèdëtEx.mp3,111.39,204,1.8315
ddr_beatmap,/Users/mukeshguntumadugu/LLM_rock/llm_beatmap_generator/src/musicForBeatmap/remi/Angel dust/Angel dust.mp3,150.1,636,4.2372
ddr_beatmap,/Users/mukeshguntumadugu/LLM_rock/llm_beatmap_generator/src/musicForBeatmap/remi/Silent Snow/Silent Snow.mp3,111.31,497,4.4651
ddr_beatmap,/Users/mukeshguntumadugu/LLM_rock/llm_beatmap_generator/src/musicForBeatmap/remi/smooooch/smooooch.mp3,118.44,627,5.2939
ddr_beatmap,/Users/mukeshguntumadugu/LLM_rock/llm_beatmap_generator/src/musicForBeatmap/remi/floral summer/floral summer.mp3,111.78,484,4.33
ddr_beatmap,/Users/mukeshguntumadugu/LLM_rock/llm_beatmap_generator/src/musicForBeatmap/remi/DESTINY/DESTINY.mp3,120.1,280,2.3314
ddr_beatmap,/Users/mukeshguntumadugu/LLM_rock/llm_beatmap_generator/src/musicForBeatmap/remi/Kanransya/Kanransya.mp3,99.79,284,2.846
ddr_beatmap,/Users/mukeshguntumadugu/LLM_rock/llm_beatmap_generator/src/musicForBeatmap/remi/BLACK.by X-Cross Fade/BLACK.by X-Cross Fade.mp3,118.65,176,1.4834
ddr_beatmap,/Users/mukeshguntumadugu/LLM_rock/llm_beatmap_generator/src/musicForBeatmap/remi/å∂ç˜/Maboroshi sakura.mp3,98.06,266,2.7125
ddr_beatmap,/Users/mukeshguntumadugu/LLM_rock/llm_beatmap_generator/src/musicForBeatmap/remi/ì¯êFÇŒÇ‘ÇÈÇŒÇÈÅ[ÇÒ/ì¯êFÇŒÇ‘ÇÈÇŒÇÈÅ[ÇÒ.mp3,105.55,348,3.297
ddr_beatmap,/Users/mukeshguntumadugu/LLM_rock/llm_beatmap_generator/src/musicForBeatmap/remi/Ç®êÊÇ…ÉVÉãÉuÉvÉå/sirubupure.mp3,90.51,176,1.9444
ddr_beatmap,/Users/mukeshguntumadugu/LLM_rock/llm_beatmap_generator/src/musicForBeatmap/remi/bakamoe/bakamoe.mp3,100.13,164,1.6379
ddr_beatmap,/Users/mukeshguntumadugu/LLM_rock/llm_beatmap_generator/src/musicForBeatmap/remi/your little sister/your little sister.mp3,94.85,43,0.4533
ddr_beatmap,/Users/mukeshguntumadugu/LLM_rock/llm_beatmap_generator/src/musicForBeatmap/remi/ì âöâåàÇπÇÒÇπÅ[ÇµÇÂÇÒ/ì âöâåàÇπÇÒÇπÅ[ÇµÇÂÇÒ.mp3,89.63,330,3.682
ddr_beatmap,/Users/mukeshguntumadugu/LLM_rock/llm_beatmap_generator/src/musicForBeatmap/remi/LOVEV/LOVEV.mp3,102.79,457,4.4459
ddr_beatmap,/Users/mukeshguntumadugu/LLM_rock/llm_beatmap_generator/src/musicForBeatmap/remi/âıäyÇÃ„J/kairaku.mp3,148.31,399,2.6903
ddr_beatmap,/Users/mukeshguntumadugu/LLM_rock/llm_beatmap_generator/src/musicForBeatmap/remi/íQÇ´ÇÃêlå`/nageki.mp3,126.16,576,4.5657
ddr_beatmap,/Users/mukeshguntumadugu/LLM_rock/llm_beatmap_generator/src/musicForBeatmap/remi/Dogu Ditty/Dogu Ditty.mp3,124.15,498,4.0113
ddr_beatmap,/Users/mukeshguntumadugu/LLM_rock/llm_beatmap_generator/src/musicForBeatmap/remi/óˆÇµÇƒÇÈÇµ/óˆÇµÇƒÇÈÇµ.mp3,77.94,226,2.8998
ddr_beatmap,/Users/mukeshguntumadugu/LLM_rock/llm_beatmap_generator/src/musicForBeatmap/remi/óˆÇ∑ÇÈÉJÉvÉ`Å[Ém/óˆÇ∑ÇÈÉJÉvÉ`Å[Ém.mp3,107.22,401,3.74
ddr_beatmap,/Users/mukeshguntumadugu/LLM_rock/llm_beatmap_generator/src/musicForBeatmap/remi/ê_ìIënë¢/ê_ìIënë¢.mp3,98.45,227,2.3057
ddr_beatmap,/Users/mukeshguntumadugu/LLM_rock/llm_beatmap_generator/src/musicForBeatmap/remi/TRUTH and FATE/TRUTH and FATE.mp3,150.34,406,2.7006
ddr_beatmap,/Users/mukeshguntumadugu/LLM_rock/llm_beatmap_generator/src/musicForBeatmap/remi/128Å„e980 Ex/128Å„e980.mp3,117.86,201,1.7053
ddr_beatmap,/Users/mukeshguntumadugu/LLM_rock/llm_beatmap_generator/src/musicForBeatmap/remi/Summer days rhapsody/Summer days rhapsody.mp3,130.3,379,2.9087
ddr_beatmap,/Users/mukeshguntumadugu/LLM_rock/llm_beatmap_generator/src/musicForBeatmap/remi/ï˙â€å„ÉXÉgÅ[ÉLÉìÉO/ï˙â€å„ÉXÉgÅ[ÉLÉìÉO.mp3,119.97,407,3.3926
ddr_beatmap,/Users/mukeshguntumadugu/LLM_rock/llm_beatmap_generator/src/musicForBeatmap/remi/campanella1/campanella1.mp3,87.12,293,3.3632
ddr_beatmap,/Users/mukeshguntumadugu/LLM_rock/llm_beatmap_generator/src/musicForBeatmap/remi/brotherkisst/brotherkisst.mp3,107.23,363,3.3852
ddr_beatmap,/Users/mukeshguntumadugu/LLM_rock/llm_beatmap_generator/src/musicForBeatmap/remi/òTíjÇ™óˆÇÇµÇΩEx/òTíjÇ™óˆÇÇµÇΩ.mp3,85.94,298,3.4674
ddr_beatmap,/Users/mukeshguntumadugu/LLM_rock/llm_beatmap_generator/src/musicForBeatmap/remi/Floating up/floating_up.mp3,116.48,521,4.4729
ddr_beatmap,/Users/mukeshguntumadugu/LLM_rock/llm_beatmap_generator/src/musicForBeatmap/remi/ÉJÉSÉmÉgÉäÅ`ìÛéÆÅ`/kago.mp3,122.63,427,3.4819
ddr_beatmap,/Users/mukeshguntumadugu/LLM_rock/llm_beatmap_generator/src/musicForBeatmap/remi/å©è„Ç∞ÇΩãÛÇ…Ç®ÇøÇƒÇ¢Ç≠/å©è„Ç∞ÇΩãÛÇ…Ç®ÇøÇƒÇ¢Ç≠.mp3,105.56,610,5.7787
ddr_beatmap,/Users/mukeshguntumadugu/LLM_rock/llm_beatmap_generator/src/musicForBeatmap/remi/full-consciousness green/full-consciousness green.mp3,117.15,408,3.4828
ddr_beatmap,/Users/mukeshguntumadugu/LLM_rock/llm_beatmap_generator/src/musicForBeatmap/remi/twinkleÅôstar/twinkleÅôstar.mp3,122.02,415,3.4011
ddr_beatmap,/Users/mukeshguntumadugu/LLM_rock/llm_beatmap_generator/src/musicForBeatmap/remi/É~ÉâÉNÉãÅôÉtÉBÅ[ÉãÉtÉäÅ[/miraclefeelfree.mp3,112.09,235,2.0965
ddr_beatmap,/Users/mukeshguntumadugu/LLM_rock/llm_beatmap_generator/src/musicForBeatmap/remi/ÉcÅ[ÉfÉBÅ[Åö/ÉcÅ[ÉfÉBÅ[Åö.mp3,108.62,450,4.143
ddr_beatmap,/Users/mukeshguntumadugu/LLM_rock/llm_beatmap_generator/src/musicForBeatmap/remi/syukusai Ex/syukusai.mp3,102.61,521,5.0775
ddr_beatmap,/Users/mukeshguntumadugu/LLM_rock/llm_beatmap_generator/src/musicForBeatmap/remi/ëSïîåNÇÃÇπÇ¢Çæ/ëSïîåNÇÃÇπÇ¢Çæ.mp3,101.56,239,2.3532
ddr_beatmap,/Users/mukeshguntumadugu/LLM_rock/llm_beatmap_generator/src/musicForBeatmap/remi/CandyPop-Love/CandyPop-Love.mp3,101.38,357,3.5214
ddr_beatmap,/Users/mukeshguntumadugu/LLM_rock/llm_beatmap_generator/src/musicForBeatmap/remi/AngelRing Å`åqÇ∞ÇÊÇ§ÇÊóˆÇÃÉäÉìÉOÅ`/AngelRingÅ`åqÇ∞ÇÊÇ§ÇÊ óˆÇÃÉäÉìÉOÅ`.mp3,89.57,431,4.8117
ddr_beatmap,/Users/mukeshguntumadugu/LLM_rock/llm_beatmap_generator/src/musicForBeatmap/remi/ÉäÉìÉäÉìÉVÉFÉAÉäÉìÉO/ÉäÉìÉäÉìÉVÉFÉAÉäÉìÉO.mp3,83.44,273,3.272
ddr_beatmap,/Users/mukeshguntumadugu/LLM_rock/llm_beatmap_generator/src/musicForBeatmap/remi/óˆÇ–óˆÇ”âè/koikoi.mp3,104.23,377,3.6171
ddr_beatmap,/Users/mukeshguntumadugu/LLM_rock/llm_beatmap_generator/src/musicForBeatmap/remi/ñ≤å©ÇÈÇ‹Ç‹Ç…óˆÇÇµÇƒ/ñ≤å©ÇÈÇ‹Ç‹Ç…óˆÇÇµÇƒ.mp3,98.9,412,4.1658
ddr_beatmap,/Users/mukeshguntumadugu/LLM_rock/llm_beatmap_generator/src/musicForBeatmap/remi/guruÅáguru Ex/guruÅáguru.mp3,151.3,441,2.9147
ddr_beatmap,/Users/mukeshguntumadugu/LLM_rock/llm_beatmap_generator/src/musicForBeatmap/remi/Ereshkigal/Ereshkigal.mp3,146.69,577,3.9334
ddr_beatmap,/Users/mukeshguntumadugu/LLM_rock/llm_beatmap_generator/src/musicForBeatmap/remi/Magical Marriage March/Magical Marriage March.mp3,132.88,229,1.7233
ddr_beatmap,/Users/mukeshguntumadugu/LLM_rock/llm_beatmap_generator/src/musicForBeatmap/remi/óˆÇÃÉvÉçÉZÉX/óˆÇÃÉvÉçÉZÉX.mp3,105.01,319,3.0377
ddr_beatmap,/Users/mukeshguntumadugu/LLM_rock/llm_beatmap_generator/src/musicForBeatmap/remi/òTíjÇ™óˆÇÇµÇΩ/òTíjÇ™óˆÇÇµÇΩ.mp3,85.94,298,3.4674
ddr_beatmap,/Users/mukeshguntumadugu/LLM_rock/llm_beatmap_generator/src/musicForBeatmap/remi/VAMPIRE FLOWERS/VAMPIRE FLOWERS.mp3,107.15,38,0.3546
ddr_beatmap,/Users/mukeshguntumadugu/LLM_rock/llm_beatmap_generator/src/musicForBeatmap/remi/ÉWÉjÉAÉXÉäÉYÉÄÅiñÖÅj/Ç†Ç¡Ç’ÇËÇØñÖ.mp3,152.11,616,4.0497
ddr_beatmap,/Users/mukeshguntumadugu/LLM_rock/llm_beatmap_generator/src/musicForBeatmap/remi/YOuÅïME=Happy!/yomehapi.mp3,105.17,251,2.3866
ddr_beatmap,/Users/mukeshguntumadugu/LLM_rock/llm_beatmap_generator/src/musicForBeatmap/remi/himitsuresipi/himitsuresipi.mp3,112.61,335,2.9748
ddr_beatmap,/Users/mukeshguntumadugu/LLM_rock/llm_beatmap_generator/src/musicForBeatmap/remi/É^ÉCÉàÉEÉpÉâÉ_ÉCÉXEx/É^ÉCÉàÉEÉpÉâÉ_ÉCÉX.mp3,138.91,352,2.534
ddr_beatmap,/Users/mukeshguntumadugu/LLM_rock/llm_beatmap_generator/src/musicForBeatmap/remi/reunion/reunion.mp3,120.76,577,4.7779
ddr_beatmap,/Users/mukeshguntumadugu/LLM_rock/llm_beatmap_generator/src/musicForBeatmap/remi/ç˜ãGóˆâÃ/katyouhuugetu.mp3,115.66,289,2.4987
ddr_beatmap,/Users/mukeshguntumadugu/LLM_rock/llm_beatmap_generator/src/musicForBeatmap/remi/óˆÇÇµÇÊÅ[ÇÊ/óˆÇÇµÇÊÅ[ÇÊ.mp3,97.51,432,4.4302
ddr_beatmap,/Users/mukeshguntumadugu/LLM_rock/llm_beatmap_generator/src/musicForBeatmap/remi/rapisurazuri/rapisurazuri.mp3,93.54,260,2.7794
ddr_beatmap,/Users/mukeshguntumadugu/LLM_rock/llm_beatmap_generator/src/musicForBeatmap/remi/É_É`ÉRÇÃçKÇπÇ»ì˙èÌ/É_É`ÉRÇÃçKÇπÇ»ì˙èÌ.mp3,119.55,227,1.8988
ddr_beatmap,/Users/mukeshguntumadugu/LLM_rock/llm_beatmap_generator/src/musicForBeatmap/remi/ÉÇÉâÉgÉäÉAÉÄÅEÉNÉâÉXÉ^/craster.mp3,114.6,162,1.4136
ddr_beatmap,/Users/mukeshguntumadugu/LLM_rock/llm_beatmap_generator/src/musicForBeatmap/remi/moon fairytale/moon fairytale.mp3,99.63,187,1.8769
ddr_beatmap,/Users/mukeshguntumadugu/LLM_rock/llm_beatmap_generator/src/musicForBeatmap/remi/KANATA/KANATA.mp3,134.69,129,0.9578
ddr_beatmap,/Users/mukeshguntumadugu/LLM_rock/llm_beatmap_generator/src/musicForBeatmap/remi/Reach for the runway/Reach for the runway.mp3,120.6,187,1.5506
ddr_beatmap,/Users/mukeshguntumadugu/LLM_rock/llm_beatmap_generator/src/musicForBeatmap/remi/ìÒêlêF-HEM mix-/ìÒêlêF-HEM mix-.mp3,103.13,483,4.6833
ddr_beatmap,/Users/mukeshguntumadugu/LLM_rock/llm_beatmap_generator/src/musicForBeatmap/remi/Crazy for you/Crazy for you.mp3,95.22,375,3.9384
ddr_beatmap,/Users/mukeshguntumadugu/LLM_rock/llm_beatmap_generator/src/musicForBeatmap/remi/Growing!/Growing!.ogg,99.0,416,4.202
ddr_beatmap,/Users/mukeshguntumadugu/LLM_rock/llm_beatmap_generator/src/musicForBeatmap/remi/Ç®Ç∆Ç¨ÇÃïPÇÕÉvÉâÉNÉeÉBÉJÉã/Ç®Ç∆Ç¨ÇÃïPÇÕÉvÉâÉNÉeÉBÉJÉã.mp3,119.52,538,4.5012
ddr_beatmap,/Users/mukeshguntumadugu/LLM_rock/llm_beatmap_generator/src/musicForBeatmap/remi/kimitokoisiyo/kimitokoisiyo.mp3,136.12,859,6.3104
ddr_beatmap,/Users/mukeshguntumadugu/LLM_rock/llm_beatmap_generator/src/musicForBeatmap/remi/amberworld/amberworld.mp3,103.37,349,3.3763
ddr_beatmap,/Users/mukeshguntumadugu/LLM_rock/llm_beatmap_generator/src/musicForBeatmap/remi/LoverevonowEx/LoverevonowEx.mp3,92.26,306,3.3166
ddr_beatmap,/Users/mukeshguntumadugu/LLM_rock/llm_beatmap_generator/src/musicForBeatmap/remi/bumpy-Jumpy!/bumpy-Jumpy!.mp3,113.27,457,4.0347
ddr_beatmap,/Users/mukeshguntumadugu/LLM_rock/llm_beatmap_generator/src/musicForBeatmap/remi/Ç±Ç¢ÇÃÇ§ÇΩ/summer.mp3,98.06,378,3.8546
ddr_beatmap,/Users/mukeshguntumadugu/LLM_rock/llm_beatmap_generator/src/musicForBeatmap/remi/before dawn daybreak/before dawn daybreak.mp3,122.28,223,1.8237
ddr_beatmap,/Users/mukeshguntumadugu/LLM_rock/llm_beatmap_generator/src/musicForBeatmap/remi/Daisukinanda/Daisukinanda.mp3,146.08,518,3.5461
ddr_beatmap,/Users/mukeshguntumadugu/LLM_rock/llm_beatmap_generator/src/musicForBeatmap/remi/ÇƒÇ°ÇÈÇœÇ…DISCO Ex/DISCO.mp3,84.06,381,4.5324
ddr_beatmap,/Users/mukeshguntumadugu/LLM_rock/llm_beatmap_generator/src/musicForBeatmap/remi/SHOOTING STAR/SHOOTING STAR.mp3,144.0,366,2.5416
ddr_beatmap,/Users/mukeshguntumadugu/LLM_rock/llm_beatmap_generator/src/musicForBeatmap/remi/üNÉméç/sakuranouta.mp3,102.77,159,1.5472
ddr_beatmap,/Users/mukeshguntumadugu/LLM_rock/llm_beatmap_generator/src/musicForBeatmap/remi/óˆÇÃÉåÉVÉs/óˆÇÃÉåÉVÉs.mp3,102.74,314,3.0563
ddr_beatmap,/Users/mukeshguntumadugu/LLM_rock/llm_beatmap_generator/src/musicForBeatmap/remi/ÉqÉ}ÉèÉäÇÃã≥âÔ/himawari.mp3,111.05,147,1.3238
ddr_beatmap,/Users/mukeshguntumadugu/LLM_rock/llm_beatmap_generator/src/musicForBeatmap/remi/ÇﬂÇ§ÇﬂÇ§ÇÿÇ¡ÇΩÇÒÇΩÇÒÅIÅI/meumeu.mp3,119.75,349,2.9145
ddr_beatmap,/Users/mukeshguntumadugu/LLM_rock/llm_beatmap_generator/src/musicForBeatmap/remi/I wish/I wish.mp3,120.03,360,2.9992
ddr_beatmap,/Users/mukeshguntumadugu/LLM_rock/llm_beatmap_generator/src/musicForBeatmap/remi/ÉIÉgÉÅÉXÉCÉbÉ`/ÉIÉgÉÅÉXÉCÉbÉ`.mp3,91.66,253,2.7601
ddr_beatmap,/Users/mukeshguntumadugu/LLM_rock/llm_beatmap_generator/src/musicForBeatmap/remi/Ç≠ÇÍÇÊÇÒÇøÇ„Å[ÇËÇ¡Ç’/Ç≠ÇÍÇÊÇÒÇøÇ„Å[ÇËÇ¡Ç’.mp3,99.42,307,3.0878
ddr_beatmap,/Users/mukeshguntumadugu/LLM_rock/llm_beatmap_generator/src/musicForBeatmap/remi/ÇÌÇΩÇµÇÃÉIÉÇÉ`ÉÉ/ÇÌÇΩÇµÇÃÉIÉÇÉ`ÉÉ.mp3,117.89,415,3.5202
ddr_beatmap,/Users/mukeshguntumadugu/LLM_rock/llm_beatmap_generator/src/musicForBeatmap/remi/èjïüÇÃÉJÉìÉpÉlÉâ/kanpanera.mp3,156.13,566,3.6251
ddr_beatmap,/Users/mukeshguntumadugu/LLM_rock/llm_beatmap_generator/src/musicForBeatmap/remi/ComingÅ~Humming!!/ComingÅ~Humming!!.mp3,139.44,439,3.1484
ddr_beatmap,/Users/mukeshguntumadugu/LLM_rock/llm_beatmap_generator/src/musicForBeatmap/remi/quantum jump/quantum jump.ogg,90.1,249,2.7634
ddr_beatmap,/Users/mukeshguntumadugu/LLM_rock/llm_beatmap_generator/src/musicForBeatmap/remi/Black Lair/Black Lair.mp3,144.89,365,2.5192
ddr_beatmap,/Users/mukeshguntumadugu/LLM_rock/llm_beatmap_generator/src/musicForBeatmap/remi/Mami Mami Zone/Mami Mami Zone.mp3,91.87,426,4.6369
ddr_beatmap,/Users/mukeshguntumadugu/LLM_rock/llm_beatmap_generator/src/musicForBeatmap/remi/battlekingdom/battlekingdom.mp3,94.04,389,4.1365
ddr_beatmap,/Users/mukeshguntumadugu/LLM_rock/llm_beatmap_generator/src/musicForBeatmap/remi/ÉCÉ`ÉÉÉCÉ`ÉÉÅôÇËÇøÇ„Ç†ÇÈÅIÅI/ÉCÉ`ÉÉÉCÉ`ÉÉÅôÇËÇøÇ„Ç†ÇÈÅIÅI.mp3,79.05,207,2.6187
ddr_beatmap,/Users/mukeshguntumadugu/LLM_rock/llm_beatmap_generator/src/musicForBeatmap/remi/daily-daily dream/daily-daily Dream.mp3,90.41,63,0.6968
ddr_beatmap,/Users/mukeshguntumadugu/LLM_rock/llm_beatmap_generator/src/musicForBeatmap/remi/HesitationSnow/HesitationSnow.mp3,153.52,177,1.1529
ddr_beatmap,/Users/mukeshguntumadugu/LLM_rock/llm_beatmap_generator/src/musicForBeatmap/remi/Baby Fantastic!/Baby Fantastic!.mp3,93.49,446,4.7704
ddr_beatmap,/Users/mukeshguntumadugu/LLM_rock/llm_beatmap_generator/src/musicForBeatmap/remi/èIññÇí«Ç§é“/èIññÇí«Ç§é“.mp3,112.21,175,1.5596
ddr_beatmap,/Users/mukeshguntumadugu/LLM_rock/llm_beatmap_generator/src/musicForBeatmap/remi/EiÇÃï˚íˆéÆÇÃì¡éÍâ/EiÇÃï˚íˆéÆÇÃì¡éÍâ.mp3,93.75,351,3.7439
ddr_beatmap,/Users/mukeshguntumadugu/LLM_rock/llm_beatmap_generator/src/musicForBeatmap/remi/ÉãÅ[ÉrÉbÉNÉLÉÖÅ[Éu/ÉãÅ[ÉrÉbÉNÉLÉÖÅ[Éu.mp3,143.57,375,2.612
ddr_beatmap,/Users/mukeshguntumadugu/LLM_rock/llm_beatmap_generator/src/musicForBeatmap/remi/furioso melodia/furioso melodia.mp3,156.58,753,4.8091
ddr_beatmap,/Users/mukeshguntumadugu/LLM_rock/llm_beatmap_generator/src/musicForBeatmap/remi/sekainohatekimigamitayume/sekainohate.mp3,96.05,229,2.3842
ddr_beatmap,/Users/mukeshguntumadugu/LLM_rock/llm_beatmap_generator/src/musicForBeatmap/remi/çïójÇÃÇ›Ç≠ÇµÇ∞/çïójÇÃÇ›Ç≠ÇµÇ∞.mp3,99.79,370,3.7079
ddr_beatmap,/Users/mukeshguntumadugu/LLM_rock/llm_beatmap_generator/src/musicForBeatmap/remi/ê≥âÇÕÇ–Ç∆Ç¬ÅIÇ∂Ç·Ç»Ç¢ÅIÅI/answer.mp3,89.94,335,3.7247
ddr_beatmap,/Users/mukeshguntumadugu/LLM_rock/llm_beatmap_generator/src/musicForBeatmap/remi/habatakekoigokoro/habatakekoigokoro.mp3,100.05,213,2.129
ddr_beatmap,/Users/mukeshguntumadugu/LLM_rock/llm_beatmap_generator/src/musicForBeatmap/remi/bananaman/bananaman.mp3,134.03,507,3.7826
ddr_beatmap,/Users/mukeshguntumadugu/LLM_rock/llm_beatmap_generator/src/musicForBeatmap/remi/Ç±Ç±ÇÎÇÃéÌ/Ç±Ç±ÇÎÇÃéÌ.mp3,111.54,392,3.5143
ddr_beatmap,/Users/mukeshguntumadugu/LLM_rock/llm_beatmap_generator/src/musicForBeatmap/remi/ÉcÉNÉÇÉmÉcÉL/ÉcÉNÉÇÉmÉcÉL.mp3,115.8,206,1.7789
ddr_beatmap,/Users/mukeshguntumadugu/LLM_rock/llm_beatmap_generator/src/musicForBeatmap/remi/mistery/mistery.mp3,137.69,509,3.6967
ddr_beatmap,/Users/mukeshguntumadugu/LLM_rock/llm_beatmap_generator/src/musicForBeatmap/remi/Lunalutia/Lunalutia.mp3,99.29,202,2.0344
ddr_beatmap,/Users/mukeshguntumadugu/LLM_rock/llm_beatmap_generator/src/musicForBeatmap/remi/à§.D.Ç∑Ç≠ÇÁÇÒÇ‘ÇÈÅI/sukuranburu.mp3,106.08,475,4.4776
ddr_beatmap,/Users/mukeshguntumadugu/LLM_rock/llm_beatmap_generator/src/musicForBeatmap/remi/Pure My Voices/Pure My Voices.mp3,135.03,410,3.0364
ddr_beatmap,/Users/mukeshguntumadugu/LLM_rock/llm_beatmap_generator/src/musicForBeatmap/remi/ìÒêlêF/ìÒêlêF.mp3,109.04,269,2.4671
ddr_beatmap,/Users/mukeshguntumadugu/LLM_rock/llm_beatmap_generator/src/musicForBeatmap/remi/BeÅôHappy!/BeÅôHappy!.mp3,114.12,266,2.3309
ddr_beatmap,/Users/mukeshguntumadugu/LLM_rock/llm_beatmap_generator/src/musicForBeatmap/remi/ÇπÇ»ÅöÇπÇ»@Surprise!!/ÇπÇ»ÅöÇπÇ»@Surprise!!.mp3,148.64,429,2.8862
ddr_beatmap,/Users/mukeshguntumadugu/LLM_rock/llm_beatmap_generator/src/musicForBeatmap/remi/ÉRÉCÉmÉnÉi/ÉRÉCÉmÉnÉi.mp3,95.71,310,3.2389
ddr_beatmap,/Users/mukeshguntumadugu/LLM_rock/llm_beatmap_generator/src/musicForBeatmap/remi/GATE of ARCANA/GATE of ARCANA.mp3,138.92,326,2.3467
ddr_beatmap,/Users/mukeshguntumadugu/LLM_rock/llm_beatmap_generator/src/musicForBeatmap/remi/Ç§Ç≥Ç Ç±Ç ÇÒÇ ÇÒÉtÉ@ÉìÉ^ÉWÅ[ÅI/Ç§Ç≥Ç Ç±Ç ÇÒÇ ÇÒÉtÉ@ÉìÉ^ÉWÅ[ÅI.mp3,118.85,469,3.9463
ddr_beatmap,/Users/mukeshguntumadugu/LLM_rock/llm_beatmap_generator/src/musicForBeatmap/remi/DESIRE/DESIRE.mp3,119.28,403,3.3787
ddr_beatmap,/Users/mukeshguntumadugu/LLM_rock/llm_beatmap_generator/src/musicForBeatmap/remi/Daisukinanda Ex/Daisukinanda.mp3,146.08,518,3.5461
ddr_beatmap,/Users/mukeshguntumadugu/LLM_rock/llm_beatmap_generator/src/musicForBeatmap/remi/IX/IX.mp3,124.15,34,0.2739
ddr_beatmap,/Users/mukeshguntumadugu/LLM_rock/llm_beatmap_generator/src/musicForBeatmap/remi/ÉãÉVÉIÅ[ÉãÉ}ÉWÉbÉN/ÉãÉVÉIÅ[ÉãÉ}ÉWÉbÉN.mp3,108.15,455,4.2072
ddr_beatmap,/Users/mukeshguntumadugu/LLM_rock/llm_beatmap_generator/src/musicForBeatmap/remi/âÿóÔ/âÿóÔ.mp3,107.12,330,3.0808
ddr_beatmap,/Users/mukeshguntumadugu/LLM_rock/llm_beatmap_generator/src/musicForBeatmap/remi/ÉNÉsÉgÉDÉåÉrÉÖÅ[/reviue.mp3,92.25,233,2.5256
ddr_beatmap,/Users/mukeshguntumadugu/LLM_rock/llm_beatmap_generator/src/musicForBeatmap/remi/â≥èóêS1000000Åì/otomeg.mp3,118.91,472,3.9694
ddr_beatmap,/Users/mukeshguntumadugu/LLM_rock/llm_beatmap_generator/src/musicForBeatmap/remi/éKÇ—ÇΩåéÇ∆íeä€/éKÇ—ÇΩåéÇ∆íeä€.mp3,96.25,163,1.6935
ddr_beatmap,/Users/mukeshguntumadugu/LLM_rock/llm_beatmap_generator/src/musicForBeatmap/remi/YOU/YOU.mp3,91.82,502,5.4672
ddr_beatmap,/Users/mukeshguntumadugu/LLM_rock/llm_beatmap_generator/src/musicForBeatmap/remi/Blue-Love Chime/Blue-Love Chime.mp3,135.68,411,3.0292
ddr_beatmap,/Users/mukeshguntumadugu/LLM_rock/llm_beatmap_generator/src/musicForBeatmap/remi/ÉRÉRÉçÅcê∞ÇÍ/ÉRÉRÉçÅcê∞ÇÍ.mp3,101.98,340,3.3339
ddr_beatmap,/Users/mukeshguntumadugu/LLM_rock/llm_beatmap_generator/src/musicForBeatmap/remi/Girl meets Love Ex2/Girl meets Love Ex.mp3,101.2,319,3.1522
ddr_beatmap,/Users/mukeshguntumadugu/LLM_rock/llm_beatmap_generator/src/musicForBeatmap/remi/Girl meets Love/Girl meets Love.mp3,101.2,319,3.1522
ddr_beatmap,/Users/mukeshguntumadugu/LLM_rock/llm_beatmap_generator/src/musicForBeatmap/remi/ñlÇ…óˆÇÇµÇƒÅI/ñlÇ…óˆÇÇµÇƒÅI.mp3,99.08,222,2.2406
ddr_beatmap,/Users/mukeshguntumadugu/LLM_rock/llm_beatmap_generator/src/musicForBeatmap/remi/HesitationSnow Ex/HesitationSnow.mp3,153.52,177,1.1529
ddr_beatmap,/Users/mukeshguntumadugu/LLM_rock/llm_beatmap_generator/src/musicForBeatmap/remi/Rolling StarÅôúc Ex/Rolling Star.mp3,124.92,542,4.3388
ddr_beatmap,/Users/mukeshguntumadugu/LLM_rock/llm_beatmap_generator/src/musicForBeatmap/remi/Baby/Baby.mp3,90.04,369,4.098
ddr_beatmap,/Users/mukeshguntumadugu/LLM_rock/llm_beatmap_generator/src/musicForBeatmap/remi/‰ùéqÇÃì˙èÌ/mako.mp3,100.88,423,4.1929
ddr_beatmap,/Users/mukeshguntumadugu/LLM_rock/llm_beatmap_generator/src/musicForBeatmap/remi/specd/specd.mp3,68.81,277,4.0258
ddr_beatmap,/Users/mukeshguntumadugu/LLM_rock/llm_beatmap_generator/src/musicForBeatmap/remi/ÉGÉçÉCÉR/eroiko.mp3,100.26,47,0.4688
ddr_beatmap,/Users/mukeshguntumadugu/LLM_rock/llm_beatmap_generator/src/musicForBeatmap/remi/Lovers Unlimited!/Lovers Unlimited!.mp3,114.35,82,0.7171
ddr_beatmap,/Users/mukeshguntumadugu/LLM_rock/llm_beatmap_generator/src/musicForBeatmap/remi/HYPER GIRLS GO! GO!/HYPER GIRLS GO! GO!.mp3,86.52,443,5.1203
ddr_beatmap,"/Users/mukeshguntumadugu/LLM_rock/llm_beatmap_generator/src/musicForBeatmap/remi/We Love, Papa Love!!/We Love,Papa Love!!.mp3",103.07,278,2.6973
ddr_beatmap,/Users/mukeshguntumadugu/LLM_rock/llm_beatmap_generator/src/musicForBeatmap/remi/âÿóÔEx/âÿóÔ.mp3,107.12,330,3.0808
ddr_beatmap,/Users/mukeshguntumadugu/LLM_rock/llm_beatmap_generator/src/musicForBeatmap/remi/Grow up/Grow up.mp3,85.89,185,2.1539
ddr_beatmap,/Users/mukeshguntumadugu/LLM_rock/llm_beatmap_generator/src/musicForBeatmap/remi/éÈÇ∆ï…ÇÃÉâÉìÉyÅ[ÉW/éÈÇ∆ï…ÇÃÉâÉìÉyÅ[ÉW.mp3,124.97,134,1.0723
ddr_beatmap,/Users/mukeshguntumadugu/LLM_rock/llm_beatmap_generator/src/musicForBeatmap/remi/ñ≤â‘âŒ/ñ≤â‘âŒ.mp3,138.34,282,2.0384
ddr_beatmap,/Users/mukeshguntumadugu/LLM_rock/llm_beatmap_generator/src/musicForBeatmap/remi/Ridig Paradise/Rigid Paradise.mp3,206.13,212,1.0285
ddr_beatmap,/Users/mukeshguntumadugu/LLM_rock/llm_beatmap_generator/src/musicForBeatmap/remi/êiÇﬂÅIÉCÉbÉXÉìåRíc -Rebellion of the Dwarfs-/êiÇﬂÅIÉCÉbÉXÉìåRíc -Rebellion of the Dwarfs- [EXH].mp3,118.61,162,1.3658
ddr_beatmap,/Users/mukeshguntumadugu/LLM_rock/llm_beatmap_generator/src/musicForBeatmap/remi/brotherTeacher/brotherTeacher.mp3,125.75,475,3.7772
ddr_beatmap,/Users/mukeshguntumadugu/LLM_rock/llm_beatmap_generator/src/musicForBeatmap/remi/Ç®åZÇøÇ·ÇÒÅAÇ‡Ç¡Ç∆ÅI/onikish.mp3,94.25,335,3.5545
ddr_beatmap,/Users/mukeshguntumadugu/LLM_rock/llm_beatmap_generator/src/musicForBeatmap/remi/Faint Tone/Faint Tone.mp3,132.99,347,2.6092
ddr_beatmap,/Users/mukeshguntumadugu/LLM_rock/llm_beatmap_generator/src/musicForBeatmap/remi/ÉgÉLÉÅÉLÉuÅ[ÉPÉgÉX/ÉgÉLÉÅÉLÉuÅ[ÉPÉgÉX.mp3,140.56,485,3.4504
ddr_beatmap,/Users/mukeshguntumadugu/LLM_rock/llm_beatmap_generator/src/musicForBeatmap/remi/Everlasting Blue/Everlasting Blue.mp3,133.02,116,0.8721
ddr_beatmap,/Users/mukeshguntumadugu/LLM_rock/llm_beatmap_generator/src/musicForBeatmap/remi/à´îLëﬁéU/akubyotaisann.mp3,116.65,347,2.9747
ddr_beatmap,/Users/mukeshguntumadugu/LLM_rock/llm_beatmap_generator/src/musicForBeatmap/remi/ÇÕÇ¡Ç“Ç°Ç»ÇÒÇæÇ©ÇÁÇ¢Ç¢Ç∂Ç·ÇÒ/ÇÕÇ¡Ç“Ç°Ç»ÇÒÇæÇ©ÇÁÇ¢Ç¢Ç∂Ç·ÇÒ.mp3,86.91,288,3.3138
ddr_beatmap,/Users/mukeshguntumadugu/LLM_rock/llm_beatmap_generator/src/musicForBeatmap/remi/à§ÅAâ∑ìxÅB/à§ÅBâ∑ìxÅB.mp3,95.48,220,2.3042
ddr_beatmap,/Users/mukeshguntumadugu/LLM_rock/llm_beatmap_generator/src/musicForBeatmap/remi/óˆÇπÇÊÅIâ≥èó/óˆÇπÇÊÅIâ≥èó.mp3,116.11,346,2.9798
ddr_beatmap,/Users/mukeshguntumadugu/LLM_rock/llm_beatmap_generator/src/musicForBeatmap/remi/Ç‹Ç¡ÇµÇÆÇÁÅI/Ç‹Ç¡ÇµÇÆÇÁÅI.mp3,115.54,390,3.3755
ddr_beatmap,/Users/mukeshguntumadugu/LLM_rock/llm_beatmap_generator/src/musicForBeatmap/remi/ULTRA BUTTERFLY(ç£çÑóÕ)/ULTRA BUTTERFLY(ç£çÑóÕ).mp3,123.85,221,1.7845
ddr_beatmap,/Users/mukeshguntumadugu/LLM_rock/llm_beatmap_generator/src/musicForBeatmap/remi/ÉqÉJÉä/hikari.mp3,90.04,138,1.5326
ddr_beatmap,/Users/mukeshguntumadugu/LLM_rock/llm_beatmap_generator/src/musicForBeatmap/remi/ÉlÉKÉeÉBÉuÅEÉ[ÉçÅEÉpÉâÉ_ÉCÉXÅI/ÉlÉKÉeÉBÉuÅEÉ[ÉçÅEÉpÉâÉ_ÉCÉXÅI.mp3,110.21,518,4.7001
ddr_beatmap,/Users/mukeshguntumadugu/LLM_rock/llm_beatmap_generator/src/musicForBeatmap/remi/Ç®â≈Ç≥ÇÒÇ™èóê_Ç≥Ç‹Ç¡/megamisamaxtu.mp3,96.18,365,3.7949
ddr_beatmap,/Users/mukeshguntumadugu/LLM_rock/llm_beatmap_generator/src/musicForBeatmap/remi/óˆÇ≥Ç≠É~ÉâÉC/óˆÇ≥Ç≠É~ÉâÉC.ogg,121.29,433,3.5701
ddr_beatmap,/Users/mukeshguntumadugu/LLM_rock/llm_beatmap_generator/src/musicForBeatmap/remi/KiLLERLADY/KiLLERLADY.mp3,102.58,210,2.0471
ddr_beatmap,/Users/mukeshguntumadugu/LLM_rock/llm_beatmap_generator/src/musicForBeatmap/remi/åNÇ™Ç¢ÇÈÇ©ÇÁ/reimei.mp3,118.99,475,3.992
ddr_beatmap,/Users/mukeshguntumadugu/LLM_rock/llm_beatmap_generator/src/musicForBeatmap/remi/ôÙöKÅIÉhìcé…ÇøÇ·ÇÒÇÀÇÈÇT/ch5.mp3,121.9,385,3.1583
ddr_beatmap,/Users/mukeshguntumadugu/LLM_rock/llm_beatmap_generator/src/musicForBeatmap/remi/good-bye crisis Ex/good-bye crisis.mp3,117.11,146,1.2467
ddr_beatmap,/Users/mukeshguntumadugu/LLM_rock/llm_beatmap_generator/src/musicForBeatmap/remi/óˆÇÃÉåÉVÉsEx/resipi.mp3,102.74,314,3.0563
ddr_beatmap,/Users/mukeshguntumadugu/LLM_rock/llm_beatmap_generator/src/musicForBeatmap/remi/millionvocaloid/millionvocaloid.mp3,92.8,277,2.9849
ddr_beatmap,/Users/mukeshguntumadugu/LLM_rock/llm_beatmap_generator/src/musicForBeatmap/remi/lucky monster Ex/lucky monster.mp3,102.14,393,3.8477
ddr_beatmap,/Users/mukeshguntumadugu/LLM_rock/llm_beatmap_generator/src/musicForBeatmap/remi/ÇøÇÂÇ±Ç¡Ç∆ÅôÇŒÇÒÇœÇ¢Ç†/tyoko.mp3,140.03,393,2.8065
ddr_beatmap,/Users/mukeshguntumadugu/LLM_rock/llm_beatmap_generator/src/musicForBeatmap/remi/detonator Ex/detonator.mp3,93.91,360,3.8334
ddr_beatmap,/Users/mukeshguntumadugu/LLM_rock/llm_beatmap_generator/src/musicForBeatmap/remi/êÁîNÇÃ„J/êÁîNÇÃ„J.mp3,121.6,445,3.6595
ddr_beatmap,/Users/mukeshguntumadugu/LLM_rock/llm_beatmap_generator/src/musicForBeatmap/remi/This World is a Roulette/This World is a Roulette.mp3,142.45,611,4.2894
ddr_beatmap,/Users/mukeshguntumadugu/LLM_rock/llm_beatmap_generator/src/musicForBeatmap/remi/íNÇ©ëÅÇ≠Ç†ÇÃèóÇé~ÇﬂÇƒÇ≠ÇÍÇ•Ç¡ÅI/íNÇ©ëÅÇ≠Ç†ÇÃèóÇé~ÇﬂÇƒÇ≠ÇÍÇ•Ç¡ÅI.mp3,116.64,213,1.8262
ddr_beatmap,/Users/mukeshguntumadugu/LLM_rock/llm_beatmap_generator/src/musicForBeatmap/remi/Realize Maze/Realize Maze.mp3,130.89,218,1.6656
ddr_beatmap,/Users/mukeshguntumadugu/LLM_rock/llm_beatmap_generator/src/musicForBeatmap/remi/ñÏèbÉèÉCÉãÉh/ñÏèbÉèÉCÉãÉh.mp3,128.12,148,1.1552
ddr_beatmap,/Users/mukeshguntumadugu/LLM_rock/llm_beatmap_generator/src/musicForBeatmap/remi/INFINITY/INFINITY.mp3,121.77,566,4.6481
ddr_beatmap,/Users/mukeshguntumadugu/LLM_rock/llm_beatmap_generator/src/musicForBeatmap/remi/partyÅôparty Time!/partyÅôparty Time!.mp3,104.71,387,3.696
ddr_beatmap,/Users/mukeshguntumadugu/LLM_rock/llm_beatmap_generator/src/musicForBeatmap/remi/Flyable Heart/Flyable Heart.mp3,120.66,461,3.8207
ddr_beatmap,/Users/mukeshguntumadugu/LLM_rock/llm_beatmap_generator/src/musicForBeatmap/remi/ñ¢óàÉmÉXÉ^ÉãÉWÉA/ñ¢óàÉmÉXÉ^ÉãÉWÉA.mp3,121.91,244,2.0014
ddr_beatmap,/Users/mukeshguntumadugu/LLM_rock/llm_beatmap_generator/src/musicForBeatmap/remi/My sweet lady/My sweet lady.mp3,121.97,578,4.739
ddr_beatmap,/Users/mukeshguntumadugu/LLM_rock/llm_beatmap_generator/src/musicForBeatmap/remi/Sweet Sweet ÉAÉäÉX/alice.mp3,105.77,388,3.6683
ddr_beatmap,/Users/mukeshguntumadugu/LLM_rock/llm_beatmap_generator/src/musicForBeatmap/remi/lucky monster/lucky monster.mp3,102.14,393,3.8477
ddr_beatmap,/Users/mukeshguntumadugu/LLM_rock/llm_beatmap_generator/src/musicForBeatmap/remi/óˆÇÃÉpÉYÉã/óˆÇÃÉpÉYÉã.mp3,126.26,350,2.772
ddr_beatmap,/Users/mukeshguntumadugu/LLM_rock/llm_beatmap_generator/src/musicForBeatmap/remi/óˆÇÕÅáÇ‹Ç∂Ç¡Ç≠ÅI/óˆÇÕÅáÇ‹Ç∂Ç¡Ç≠ÅI.mp3,91.19,144,1.5791
ddr_beatmap,/Users/mukeshguntumadugu/LLM_rock/llm_beatmap_generator/src/musicForBeatmap/remi/SignalPlus/SignalPlus.mp3,98.51,441,4.4768
ddr_beatmap,/Users/mukeshguntumadugu/LLM_rock/llm_beatmap_generator/src/musicForBeatmap/remi/SIGNAL/SIGNAL.mp3,85.32,152,1.7816
ddr_beatmap,/Users/mukeshguntumadugu/LLM_rock/llm_beatmap_generator/src/musicForBeatmap/remi/Quon/Quon.mp3,132.77,509,3.8337
ddr_beatmap,/Users/mukeshguntumadugu/LLM_rock/llm_beatmap_generator/src/musicForBeatmap/remi/the game/the game.mp3,99.32,415,4.1785
ddr_beatmap,/Users/mukeshguntumadugu/LLM_rock/llm_beatmap_generator/src/musicForBeatmap/remi/ÉIÉgÉÅÉSÉRÉçÅiÅâÅj/ÉIÉgÉÅÉSÉRÉçÅiÅâÅj.mp3,100.09,357,3.5668
ddr_beatmap,/Users/mukeshguntumadugu/LLM_rock/llm_beatmap_generator/src/musicForBeatmap/remi/HANAJI/HANAJI.mp3,89.89,211,2.3474
ddr_beatmap,/Users/mukeshguntumadugu/LLM_rock/llm_beatmap_generator/src/musicForBeatmap/remi/Ç®åZÇøÇ·ÇÒÅAâEéËÇÃégópÇã÷é~ÇµÇ‹Ç∑/Ç®åZÇøÇ·ÇÒÅAâEéËÇÃégópÇã÷é~ÇµÇ‹Ç∑.mp3,137.61,500,3.6334
ddr_beatmap,/Users/mukeshguntumadugu/LLM_rock/llm_beatmap_generator/src/musicForBeatmap/remi/syukusai/syukusai.mp3,102.61,521,5.0775
ddr_beatmap,/Users/mukeshguntumadugu/LLM_rock/llm_beatmap_generator/src/musicForBeatmap/remi/Floating up Ex/floating up.mp3,116.48,521,4.4729
ddr_beatmap,/Users/mukeshguntumadugu/LLM_rock/llm_beatmap_generator/src/musicForBeatmap/remi/The Gorilla/The Gorilla.mp3,140.56,649,4.6171
ddr_beatmap,/Users/mukeshguntumadugu/LLM_rock/llm_beatmap_generator/src/musicForBeatmap/remi/LOVE ADVENTURE(EX)/LOVE ADVENTURE.mp3,90.84,137,1.5081
ddr_beatmap,/Users/mukeshguntumadugu/LLM_rock/llm_beatmap_generator/src/musicForBeatmap/remi/Fake!/Fake!.mp3,134.49,252,1.8737
ddr_beatmap,/Users/mukeshguntumadugu/LLM_rock/llm_beatmap_generator/src/musicForBeatmap/remi/ÉpÅ®ÉsÅ®ÉvÅ®Yeah!/ppp.mp3,109.26,355,3.2492
ddr_beatmap,/Users/mukeshguntumadugu/LLM_rock/llm_beatmap_generator/src/musicForBeatmap/remi/7 Colors/7 Colors.mp3,101.16,178,1.7596
ddr_beatmap,/Users/mukeshguntumadugu/LLM_rock/llm_beatmap_generator/src/musicForBeatmap/remi/ÇÕÇÈÇ©Ç©Ç»ÇΩ/ÇÕÇÈÇ©Ç©Ç»ÇΩ.mp3,185.26,598,3.2279
ddr_beatmap,/Users/mukeshguntumadugu/LLM_rock/llm_beatmap_generator/src/musicForBeatmap/remi/ZEUS/ZEUS.mp3,122.69,361,2.9425
ddr_beatmap,/Users/mukeshguntumadugu/LLM_rock/llm_beatmap_generator/src/musicForBeatmap/remi/Knowing/Knowing.mp3,100.13,269,2.6866
ddr_beatmap,/Users/mukeshguntumadugu/LLM_rock/llm_beatmap_generator/src/musicForBeatmap/remi/Little Sister Bitch/Little Sister Bitch.mp3,154.51,495,3.2036
ddr_beatmap,/Users/mukeshguntumadugu/LLM_rock/llm_beatmap_generator/src/musicForBeatmap/remi/ñÖÅIê‚ëŒSAYÅôóùò_/ñÖÅIê‚ëŒSAYÅôóùò_.mp3,109.19,319,2.9215
ddr_beatmap,/Users/mukeshguntumadugu/LLM_rock/llm_beatmap_generator/src/musicForBeatmap/remi/DokiDokiÇ™é~Ç‹ÇÁÇ»Ç¢/DokiDokiÇ™é~Ç‹ÇÁÇ»Ç¢.mp3,103.11,319,3.0939
ddr_beatmap,/Users/mukeshguntumadugu/LLM_rock/llm_beatmap_generator/src/musicForBeatmap/remi/ÉJÅ[ÉjÉoÉã/carnival.mp3,94.69,124,1.3095
ddr_beatmap,/Users/mukeshguntumadugu/LLM_rock/llm_beatmap_generator/src/musicForBeatmap/remi/taidou/taidou.mp3,76.08,152,1.9978
ddr_beatmap,/Users/mukeshguntumadugu/LLM_rock/llm_beatmap_generator/src/musicForBeatmap/remi/primal/primal.mp3,114.18,383,3.3543
ddr_beatmap,/Users/mukeshguntumadugu/LLM_rock/llm_beatmap_generator/src/musicForBeatmap/remi/NanoTaihen/NanoTaihen.mp3,121.73,327,2.6862
ddr_beatmap,/Users/mukeshguntumadugu/LLM_rock/llm_beatmap_generator/src/musicForBeatmap/remi/cold planet/cold planet.mp3,135.98,572,4.2065
ddr_beatmap,/Users/mukeshguntumadugu/LLM_rock/llm_beatmap_generator/src/musicForBeatmap/remi/swee-chuÅÙÅ@Å`ÉLÉXÇµÇƒÇ®Ç…Ç¢ÇøÇ·ÇÒÅ`/swee-chuÅÙÅ@Å`ÉLÉXÇµÇƒÇ®Ç…Ç¢ÇøÇ·ÇÒÅ`.mp3,85.05,369,4.3384
ddr_beatmap,/Users/mukeshguntumadugu/LLM_rock/llm_beatmap_generator/src/musicForBeatmap/remi/Witch's Garden/Witch's Garden.mp3,134.68,481,3.5716
ddr_beatmap,/Users/mukeshguntumadugu/LLM_rock/llm_beatmap_generator/src/musicForBeatmap/remi/YouHeartIt/YouHeartIt.mp3,107.95,83,0.7689
ddr_beatmap,/Users/mukeshguntumadugu/LLM_rock/llm_beatmap_generator/src/musicForBeatmap/remi/ètêFÉÅÉçÉfÉB/melody.mp3,104.05,210,2.0183
ddr_beatmap,/Users/mukeshguntumadugu/LLM_rock/llm_beatmap_generator/src/musicForBeatmap/remi/ÉCÉmÉZÉìÉX/ÉCÉmÉZÉìÉX.mp3,128.47,388,3.0201
ddr_beatmap,/Users/mukeshguntumadugu/LLM_rock/llm_beatmap_generator/src/musicForBeatmap/remi/LOVEPHASE/LOVEPHASE.mp3,103.18,351,3.4017
ddr_beatmap,/Users/mukeshguntumadugu/LLM_rock/llm_beatmap_generator/src/musicForBeatmap/remi/meisaiidol/meisaiidol.mp3,127.91,86,0.6723
ddr_beatmap,/Users/mukeshguntumadugu/LLM_rock/llm_beatmap_generator/src/musicForBeatmap/remi/I need magic Å`âÇØÇ»Ç¢É}ÉWÅöÉLÉÖÉìÅ`/I need magic Å`âÇØÇ»Ç¢É}ÉWÅöÉLÉÖÉìÅ`.mp3,115.57,302,2.6132
ddr_beatmap,/Users/mukeshguntumadugu/LLM_rock/llm_beatmap_generator/src/musicForBeatmap/remi/ÉXÉgÉåÉCÉgÉVÅ[Év -Merry Quintet's Ver-/sutoreito.mp3,111.65,520,4.6575
ddr_beatmap,/Users/mukeshguntumadugu/LLM_rock/llm_beatmap_generator/src/musicForBeatmap/remi/And Jump!!/And Jump!!.mp3,96.91,266,2.7447
ddr_beatmap,/Users/mukeshguntumadugu/LLM_rock/llm_beatmap_generator/src/musicForBeatmap/remi/Aliare/Aliare.mp3,131.52,477,3.6269
ddr_beatmap,/Users/mukeshguntumadugu/LLM_rock/llm_beatmap_generator/src/musicForBeatmap/remi/sisterapplication/sisterapplication.mp3,90.17,153,1.6967
ddr_beatmap,/Users/mukeshguntumadugu/LLM_rock/llm_beatmap_generator/src/musicForBeatmap/remi/ñœëzÉ_ÉCÉÑÉÇÉìÉh/ñœëzÉ_ÉCÉÑÉÇÉìÉh.mp3,110.22,322,2.9213
ddr_beatmap,/Users/mukeshguntumadugu/LLM_rock/llm_beatmap_generator/src/musicForBeatmap/remi/platonic syndrome/platonic syndrome.mp3,121.37,515,4.2433
ddr_beatmap,/Users/mukeshguntumadugu/LLM_rock/llm_beatmap_generator/src/musicForBeatmap/remi/ñÿòRÇÍì˙ÉtÉåÉlÉã/ñÿòRÇÍì˙ÉtÉåÉlÉã.mp3,93.65,250,2.6695
ddr_beatmap,/Users/mukeshguntumadugu/LLM_rock/llm_beatmap_generator/src/musicForBeatmap/remi/óˆÇ∑ÇÈéoñÖÅôÉâÅôòZèdët/óˆÇ∑ÇÈéoñÖÅôÉâÅôòZèdët.ogg,111.31,449,4.0337
ddr_beatmap,/Users/mukeshguntumadugu/LLM_rock/llm_beatmap_generator/src/musicForBeatmap/Goin' Under/Goin' Under.ogg,123.43,672,5.4444
ddr_beatmap,/Users/mukeshguntumadugu/LLM_rock/llm_beatmap_generator/src/musicForBeatmap/Springtime/Kommisar - Springtime.mp3,129.04,506,3.9211
ddr_beatmap,/Users/mukeshguntumadugu/LLM_rock/llm_beatmap_generator/src/musicForBeatmap/Fraxtil's Arrow Arrangements/Love to Rise in the Summer Morning/Love to Rise in the Summer Morning.ogg,147.7,611,4.1367
ddr_beatmap,/Users/mukeshguntumadugu/LLM_rock/llm_beatmap_generator/src/musicForBeatmap/Fraxtil's Arrow Arrangements/Girls/Girls.ogg,127.97,423,3.3053
ddr_beatmap,/Users/mukeshguntumadugu/LLM_rock/llm_beatmap_generator/src/musicForBeatmap/Fraxtil's Arrow Arrangements/Goodbye (2012 Mix)/Goodbye (2012 Mix).ogg,134.82,550,4.0794
ddr_beatmap,/Users/mukeshguntumadugu/LLM_rock/llm_beatmap_generator/src/musicForBeatmap/Fraxtil's Arrow Arrangements/Bad Ketchup/Bad Ketchup.ogg,142.38,516,3.6242
ddr_beatmap,/Users/mukeshguntumadugu/LLM_rock/llm_beatmap_generator/src/musicForBeatmap/Fraxtil's Arrow Arrangements/Named 'The Moon'/Named 'The Moon'.ogg,150.0,775,5.1667
ddr_beatmap,/Users/mukeshguntumadugu/LLM_rock/llm_beatmap_generator/src/musicForBeatmap/Fraxtil's Arrow Arrangements/Gangnam Style/Gangnam Style.ogg,147.27,516,3.5037
ddr_beatmap,/Users/mukeshguntumadugu/LLM_rock/llm_beatmap_generator/src/musicForBeatmap/Fraxtil's Arrow Arrangements/Need Your Love -SF_Dubstep Mix-/Need Your Love -SF_Dubstep Mix-.ogg,130.27,688,5.2812
ddr_beatmap,/Users/mukeshguntumadugu/LLM_rock/llm_beatmap_generator/src/musicForBeatmap/Fraxtil's Arrow Arrangements/Turn Up (The Music)/Turn Up (The Music).ogg,178.29,940,5.2724
ddr_beatmap,/Users/mukeshguntumadugu/LLM_rock/llm_beatmap_generator/src/musicForBeatmap/Fraxtil's Arrow Arrangements/Goin' Under/Goin' Under.ogg,123.43,672,5.4444
ddr_beatmap,/Users/mukeshguntumadugu/LLM_rock/llm_beatmap_generator/src/musicForBeatmap/Fraxtil's Arrow Arrangements/Bitch Clap/Bitch Clap.ogg,129.6,681,5.2546
ddr_beatmap,/Users/mukeshguntumadugu/LLM_rock/llm_beatmap_generator/src/musicForBeatmap/Fraxtil's Arrow Arrangements/Stamina/Stamina.ogg,129.6,619,4.7762
ddr_beatmap,/Users/mukeshguntumadugu/LLM_rock/llm_beatmap_generator/src/musicForBeatmap/Fraxtil's Arrow Arrangements/Pain Game/Pain Game.ogg,128.57,209,1.6256
ddr_beatmap,/Users/mukeshguntumadugu/LLM_rock/llm_beatmap_generator/src/musicForBeatmap/Fraxtil's Arrow Arrangements/Inner Universe (Extended Mix)/Inner Universe (Extended Mix).ogg,235.1,381,1.6206
ddr_beatmap,/Users/mukeshguntumadugu/LLM_rock/llm_beatmap_generator/src/musicForBeatmap/Fraxtil's Arrow Arrangements/The Seconds/The Seconds.ogg,142.27,349,2.4532
ddr_beatmap,/Users/mukeshguntumadugu/LLM_rock/llm_beatmap_generator/src/musicForBeatmap/Fraxtil's Arrow Arrangements/Call Me Maybe (Remix)/Call Me Maybe (Remix).ogg,150.0,531,3.54
ddr_beatmap,/Users/mukeshguntumadugu/LLM_rock/llm_beatmap_generator/src/musicForBeatmap/Fraxtil's Arrow Arrangements/Dead Hollywood/Dead Hollywood.ogg,122.75,146,1.1894
ddr_beatmap,/Users/mukeshguntumadugu/LLM_rock/llm_beatmap_generator/src/musicForBeatmap/Fraxtil's Arrow Arrangements/Star Gear/Star Gear.ogg,149.54,409,2.7351
ddr_beatmap,/Users/mukeshguntumadugu/LLM_rock/llm_beatmap_generator/src/musicForBeatmap/Fraxtil's Arrow Arrangements/Human Error/Human Error.ogg,143.77,705,4.9038
ddr_beatmap,/Users/mukeshguntumadugu/LLM_rock/llm_beatmap_generator/src/musicForBeatmap/Fraxtil's Arrow Arrangements/Deal With It/Deal With It.ogg,133.72,368,2.752
ddr_beatmap,/Users/mukeshguntumadugu/LLM_rock/llm_beatmap_generator/src/musicForBeatmap/Fraxtil's Arrow Arrangements/No Beginning/No Beginning.ogg,139.66,721,5.1625
ddr_beatmap,/Users/mukeshguntumadugu/LLM_rock/llm_beatmap_generator/src/musicForBeatmap/MechaTribe Assault/Mecha-Tribe Assault.ogg,105.0,367,3.4952
