time,note,thinking
0.53,down,This note corresponds to the first strong kick drum beat at the beginning of the song.
1.52,up,"Following the consistent main beat, using an 'up' note to create a simple alternating pattern for beginners."
2.51,down,The beat is very clear and steady here. A 'down' note continues the simple pattern on the downbeat.
3.53,up,Placed on another strong kick drum hit to maintain the simple rhythm.
4.54,down,Continuing to follow the main 4/4 beat which is ideal for a beginner map.
5.51,up,Alternating the note type to make the simple pattern feel a little more dynamic.
6.52,down,"This note lands squarely on the main beat, providing a satisfying rhythm."
7.51,up,"The last note of the intro phrase, matching the clear kick drum."
8.76,down,Marking the start of the first verse section with a downbeat.
9.75,up,"The beat remains constant, so the alternating pattern continues."
10.74,down,Following the simple and clear kick drum pattern.
11.72,up,"The melody is playing, but the focus for a beginner is the main, underlying beat."
12.75,down,Continuing the pattern on the strong beat.
13.73,up,This note matches the steady pulse of the electronic beat.
27.18,down,The main melodic part begins here. Placing a note on the strong downbeat to anchor the section.
28.18,up,Following the main beat of this energetic chorus section.
29.17,down,"The pattern remains simple and predictable, which is good for beginners."
30.17,up,Matching the consistent kick drum.
31.18,down,Keeping the rhythm straightforward during the main theme.
32.17,up,Following the clear pulse of the song.
36.14,down,"After a brief pause in the music, this note re-establishes the rhythm."
37.13,up,Continuing the simple alternating pattern with the beat.
38.13,down,Placed on a strong beat to maintain the flow.
45.47,down,This marks the beginning of a new section with vocal samples. The note is on the main beat.
46.47,up,"The kick drum is very prominent here, making the beat easy to follow."
47.45,down,Continuing the simple down/up pattern on the beat.
48.45,up,Following the steady pulse of the track.
55.4,down,"The beat is strong and clear, perfect for a down note."
56.38,up,"Maintaining the simple, easy-to-follow rhythm."
57.38,down,Another note on a primary beat.
104.62,down,This is a breakdown section. The note is placed on the first strong beat to ground the player.
106.6,up,Following the strong synth stabs during the breakdown.
108.59,down,"The beat is sparser here, so notes are placed only on the most obvious hits."
113.21,down,The beat starts building again here. This note marks the start of the build-up.
114.2,up,Following the returning kick drum pattern.
115.19,down,"Maintaining the simple, predictable rhythm as the energy increases."
116.18,up,Placed on the main beat to keep the flow.
140.23,down,The final high-energy chorus begins. This note is on the first powerful downbeat.
141.22,up,"The beat is very strong and clear, perfect for a simple alternating pattern."
142.21,down,Following the main kick drum in the final section.
143.2,up,Keeping the rhythm simple and satisfying for the finale.
144.2,down,Another strong kick drum hit.
145.2,up,Continuing the pattern as the song drives towards its end.
158.08,down,"This is the final, impactful beat of the song before it cuts out."
